id,familia,subfamilia,codigo,marca,tipo,lado,descripcion,precio,stock,proveedor,fecha_actualizacion
1,Correas,Correas Poly V,3PK715,SKF,,,"RENAULT CLIO, R19",5000,1,GRUPO AUTOPARTES,2026-05-27
2,Correas,Correas Poly V,3PK719,SKF,,,"FIAT PUNTO 1.7, PALIO 1.7",5000,1,GRUPO AUTOPARTES,2026-05-19
3,Correas,Correas Poly V,3PK750,SKF,,,"HONDA CIVIC, CLIO II",5000,2,GRUPO AUTOPARTES,2026-06-29
4,Correas,Correas Poly V,3PK796,SKF,,,"VW FOX, SURAN, GOL TREND",9500,6,GRUPO AUTOPARTES,2026-05-19
5,Correas,Correas Poly V,3PK796EE,SKF,,,"VW FOX, GOL",15000,1,GRUPO AUTOPARTES,2026-07-01
6,Correas,Correas Poly V,3PK830,SKF,,,RENAULT CLIO,6000,4,GRUPO AUTOPARTES,2026-05-19
7,Correas,Correas Poly V,3PK890,SKF,,,"CHEV PRISMA, ONIX",7500,5,GRUPO AUTOPARTES,2026-05-19
8,Correas,Correas Poly V,3PK905,SKF,,,"FIAT PUNTO 1.4, IDEA, PALIO",4500,6,GRUPO AUTOPARTES,2026-05-19
9,Correas,Correas Poly V,3PK938,SKF,,,"PEUGEOT BOXER, FIAT PUNTO",7500,1,GRUPO AUTOPARTES,2026-05-19
10,Correas,Correas Poly V,4PK1005,SKF,,,NISSAN,10000,1,GRUPO AUTOPARTES,2026-05-19
11,Correas,Correas Poly V,4PK1022,SKF,,,"FIAT, PALIO, SIENA, STRADA",9000,2,GRUPO AUTOPARTES,2026-05-19
12,Correas,Correas Poly V,4PK1070,SKF,,,"RENAULT CLIO 1.2, HONDA",9500,1,GRUPO AUTOPARTES,2026-05-19
13,Correas,Correas Poly V,4PK1538,SKF,,,"PEUGEOT 206, RENAULT CLIO II",10500,2,GRUPO AUTOPARTES,2026-07-01
14,Correas,Correas Poly V,4PK855,SKF,,,"PEUOGEOT PARNET, 306",7000,1,GRUPO AUTOPARTES,2026-05-19
15,Correas,Correas Poly V,4PK907,SKF,,,"FIAT PALIO, SIENA, PALIO AVENTURE",9000,1,GRUPO AUTOPARTES,2026-05-19
16,Correas,Correas Poly V,4PK955,SKF,,,CITROEN BX,6500,1,GRUPO AUTOPARTES,2026-05-19
17,Correas,Correas Poly V,5PK1030,DAYCO,,,"CHEV PRISMA, ONIX",10000,2,GRUPO AUTOPARTES,2026-05-27
18,Correas,Correas Poly V,5PK1135,SKF,,,,12000,1,GRUPO AUTOPARTES,2026-05-19
19,Correas,Correas Poly V,5PK1137,SKF,,,"RENAULT MEGANE, KANGOO",11500,2,GRUPO AUTOPARTES,2026-05-19
20,Correas,Correas Poly V,5PK1152,SKF,,,FIAT DOBLO,13500,0,GRUPO AUTOPARTES,2026-05-19
21,Correas,Correas Poly V,5PK1165,SKF,,,"RENAULT R9, R11",10000,2,GRUPO AUTOPARTES,2026-05-19
22,Correas,Correas Poly V,5PK1170,SKF,,,"FIAT MOBI, IDEA 1.4, PALIO 1.4",11000,2,GRUPO AUTOPARTES,2026-05-19
23,Correas,Correas Poly V,5PK1173,SKF,,,,12500,1,GRUPO AUTOPARTES,2026-05-19
24,Correas,Correas Poly V,5PK1190,SKF,,,,9500,2,GRUPO AUTOPARTES,2026-05-19
25,Correas,Correas Poly V,5PK1195,DAYCO,,,,10000,1,,2026-06-12
26,Correas,Correas Poly V,5PK1700,DAYCO,,,UNIVERSAL,18000,1,GRUPO AUTOPARTES,2026-05-27
27,Correas,Correas Poly V,5PK1750,SKF,,,"RENAULT CLIO, MEGANE, KANGOO",12000,2,GRUPO AUTOPARTES,2026-05-19
28,Correas,Correas Poly V,5PK1755,DAYCO,,,RENAULT KANGOO,12000,1,GRUPO AUTOPARTES,2026-05-27
29,Correas,Correas Poly V,5PK1795,SKF,,,"CHEV CORSA, NISSAN",14500,1,GRUPO AUTOPARTES,2026-05-19
30,Correas,Correas Poly V,5PK1815,DAYCO,,,"CHEV MERIVA, MONTANA, SORSA II,FIAT IDEA",13500,1,GRUPO AUTOPARTES,2026-05-27
31,Correas,Correas Poly V,6PK1000,SKF,,,"PEUGEOT 307, RENAULT CLIO",8500,1,GRUPO AUTOPARTES,2026-05-19
32,Correas,Correas Poly V,6PK1015,SKF,,,"PEUGEOT 407, PARNET, FORD RANGER",13500,1,GRUPO AUTOPARTES,2026-05-19
33,Correas,Correas Poly V,6PK1029,SKF,,,,17000,1,GRUPO AUTOPARTES,2026-05-19
34,Correas,Correas Poly V,6PK1030EE,SKF,,,"FORD KA, FIESTA, ECOSPORT",16000,1,GRUPO AUTOPARTES,2026-05-19
35,Correas,Correas Poly V,6PK1045,SKF,,,"PEUGEOT PARNET, 3008, CITROEN BERLINGO",12500,1,GRUPO AUTOPARTES,2026-05-19
36,Correas,Correas Poly V,6PK1065,SKF,,,"VW GOLF, POLO",13500,2,GRUPO AUTOPARTES,2026-05-19
37,Correas,Correas Poly V,6PK1070,SKF,,,"VW GOL 2.0, GOL 1.8, VOYAGE",12500,1,GRUPO AUTOPARTES,2026-05-19
38,Correas,Correas Poly V,6PK1080,SKF,,,"CITROEN ZX, FIAT PALIO",14500,1,GRUPO AUTOPARTES,2026-05-19
39,Correas,Correas Poly V,6PK1090,SKF,,,"VW SUEAN 1.9, PEUGEOT 307, CITROEN C3",14500,1,GRUPO AUTOPARTES,2026-05-19
40,Correas,Correas Poly V,6PK1100,SKF,,,"NISSAN, PEUGEOT 306",12500,1,GRUPO AUTOPARTES,2026-05-19
41,Correas,Correas Poly V,6PK1141,SKF,,,"RENAULT CLIO 2.0, CLIO, VOLVO",11000,2,GRUPO AUTOPARTES,2026-05-19
42,Correas,Correas Poly V,6PK1152,SKF,,,"PEUGEOT 206, 306",11000,1,GRUPO AUTOPARTES,2026-05-27
43,Correas,Correas Poly V,6PK1165,SKF,,,"PEUGEOY 406, PARNET",10500,1,GRUPO AUTOPARTES,2026-05-19
44,Correas,Correas Poly V,6PK1190,SKF,,,RENAULT KANGOO,13000,1,GRUPO AUTOPARTES,2026-05-19
45,Correas,Correas Poly V,6PK1200,SKF,,,"PEUGEOT 406, 307, 206, RENAULT CLIO",10000,7,GRUPO AUTOPARTES,2026-05-19
46,Correas,Correas Poly V,6PK1200EE,SKF,,,"GOL 1.6, POLO, SAVEIRO, FOX, CROSFOX",17500,2,GRUPO AUTOPARTES,2026-05-19
47,Correas,Correas Poly V,6PK1365,SKF,,,IVECO DAYLI,17000,1,GRUPO AUTOPARTES,2026-05-19
48,Correas,Correas Poly V,6PK1388,SKF,,,"PEUGEOT RANCH,PARNET, 206, 306",15500,1,GRUPO AUTOPARTES,2026-05-19
49,Correas,Correas Poly V,6PK1390,SKF,,,CITROEN BERLINGO,14500,1,GRUPO AUTOPARTES,2026-05-19
50,Correas,Correas Poly V,6PK1400,SKF,,,"RENAULT CLIO, KANGOO, VW GOL 1.9",13500,1,GRUPO AUTOPARTES,2026-05-19
51,Correas,Correas Poly V,6PK1420,DAYCO,,,"RANULT LAGUNA, FORD TRANSIT, ECOSPORT",18000,1,GRUPO AUTOPARTES,2026-07-01
52,Correas,Correas Poly V,6PK1435,SKF,,,"PEUGEOT RANCH, EXPERT, PARNET, 306",16000,2,GRUPO AUTOPARTES,2026-07-06
53,Correas,Correas Poly V,6PK1500,SKF,,,"RENAULT CLIO, VW CARAT",18500,3,GRUPO AUTOPARTES,2026-05-19
54,Correas,Correas Poly V,6PK1515,SKF,,,CHEV SILVERADO,18500,1,GRUPO AUTOPARTES,2026-05-19
55,Correas,Correas Poly V,6PK1555,SKF,,,"VW AMAROK 2.0, RENSULT CLIO, R19",13500,1,GRUPO AUTOPARTES,2026-05-19
56,Correas,Correas Poly V,6PK1560,SKF,,,"VW AMAROK, CHEV CRUZE, SONIC",15000,1,GRUPO AUTOPARTES,2026-05-19
57,Correas,Correas Poly V,6PK1580,SKF,,,"VW GOL 1.9, COUNTRY, SAVEIRO",16500,2,GRUPO AUTOPARTES,2026-05-19
58,Correas,Correas Poly V,6PK1600,SKF,,,"PEUGEOT 806, 406, 306",19500,1,GRUPO AUTOPARTES,2026-05-19
59,Correas,Correas Poly V,6PK1625,SKF,,,"FORD ECOSPORT, F100, FORD FIESTA",19500,1,GRUPO AUTOPARTES,2026-05-19
60,Correas,Correas Poly V,6PK1680,SKF,,,RENAULT SANDERO,13500,1,GRUPO AUTOPARTES,2026-05-19
61,Correas,Correas Poly V,6PK1700,SKF,,,"PEUGEOT PARNET, 206, 306, 405 CHEV ASTRA",13000,1,GRUPO AUTOPARTES,2026-05-19
62,Correas,Correas Poly V,6PK1710,SKF,,,"PEUGEOT PARNET, CITROEN BERLINGO",18000,2,GRUPO AUTOPARTES,2026-05-19
63,Correas,Correas Poly V,6PK1715,SKF,,,"PEUGEOT PARNET, CITROEN C3, BERLINGO",19000,1,GRUPO AUTOPARTES,2026-05-19
64,Correas,Correas Poly V,6PK1750,SKF,,,"RENAULT LAGUNA,VW PASSAT",18500,3,GRUPO AUTOPARTES,2026-06-29
65,Correas,Correas Poly V,6PK1755,SKF,,,"PEUGEOT 406, PARNET",15000,2,GRUPO AUTOPARTES,2026-07-01
66,Correas,Correas Poly V,6PK1760,SKF,,,"RENAULT LAGUNA,VW PASSAT",18500,2,GRUPO AUTOPARTES,2026-05-19
67,Correas,Correas Poly V,6PK1780,SKF,,,"CHEV CELTA, PRISMA",17500,4,GRUPO AUTOPARTES,2026-05-19
68,Correas,Correas Poly V,6PK1790,SKF,,,VW GOL POWER,16500,1,GRUPO AUTOPARTES,2026-05-19
69,Correas,Correas Poly V,6PK1795,SKF,,,"CHEV CORSA, NISSAN",14500,4,GRUPO AUTOPARTES,2026-05-19
70,Correas,Correas Poly V,6PK1815,DAYCO,,,"FIAT PUNTO, PALIO, SIENA, STRADA",18500,1,GRUPO AUTOPARTES,2026-05-27
71,Correas,Correas Poly V,6PK1820,DAYCO,,,"RENAULT, DUGTER, LOGAN, SANDERO",19500,1,GRUPO AUTOPARTES,2026-05-27
72,Correas,Correas Poly V,6PK1822,SKF,,,RENAULT  LOGAN,27000,3,GRUPO AUTOPARTES,2026-05-19
73,Correas,Correas Poly V,6PK1830,SKF,,,MITSHUBISI,19500,1,GRUPO AUTOPARTES,2026-05-19
74,Correas,Correas Poly V,6PK1875,DAYCO,,,CHEV AVEO S10,15500,1,GRUPO AUTOPARTES,2026-05-27
75,Correas,Correas Poly V,6PK1900,SKF,,,"CHEV ASTRA, VECTRA",21500,2,GRUPO AUTOPARTES,2026-05-19
76,Correas,Correas Poly V,6PK1975,SKF,,,"CHEV ASTRA, FORD MONDEO",22500,1,GRUPO AUTOPARTES,2026-05-19
77,Correas,Correas Poly V,6PK2010,SKF,,,,17000,1,GRUPO AUTOPARTES,2026-05-19
78,Correas,Correas Poly V,6PK2225,SKF,,,FORD RANGER,21000,1,GRUPO AUTOPARTES,2026-05-27
79,Correas,Correas Poly V,6PK2234,SKF,,,"VW GOL 1.6, SAVEIRO 1.6",20500,2,GRUPO AUTOPARTES,2026-05-19
80,Correas,Correas Poly V,6PK2240,SKF,,,VW GOL 1.9,17500,5,GRUPO AUTOPARTES,2026-05-19
81,Correas,Correas Poly V,6PK2250,SKF,,,NISSAN,23000,2,GRUPO AUTOPARTES,2026-05-19
82,Correas,Correas Poly V,6PK2263,SKF,,,"VW GOL 2.0, CHEV VECTRA",23000,1,GRUPO AUTOPARTES,2026-05-19
83,Correas,Correas Poly V,6PK2345,SKF,,,FORD RANGER,26000,1,GRUPO AUTOPARTES,2026-05-19
84,Correas,Correas Poly V,6PK706,SKF,,,PEUGEOT BOXER,11000,1,GRUPO AUTOPARTES,2026-05-19
85,Correas,Correas Poly V,6PK725EE,DAYCO,,,"VW FOX, GOL",18000,1,GRUPO AUTOPARTES,2026-05-27
86,Correas,Correas Poly V,6PK762EE,DAYCO,,,"VW FOX, GOL",18000,1,GRUPO AUTOPARTES,2026-05-27
87,Correas,Correas Poly V,6PK900,SKF,,,"RENAULT CLIO 1.9, VW GOLF 2.0",10500,1,GRUPO AUTOPARTES,2026-05-19
88,Correas,Correas Poly V,6PK923,SKF,,,PEUGEOT EXPERT,10000,1,GRUPO AUTOPARTES,2026-05-19
89,Correas,Correas Poly V,6PK989,SKF,,,"VW GOL 1.6, GOLF1,6, POLO 1.6",12500,3,GRUPO AUTOPARTES,2026-05-19
90,Correas,Correas Poly V,7PK1545,SKF,,,"FORD F150,F100",22000,1,GRUPO AUTOPARTES,2026-05-19
91,Correas,Correas Poly V,8PK2205,SKF,,,"FORD F350,F250,F4000",29000,1,GRUPO AUTOPARTES,2026-05-19
92,Correas,Correas de Distribucion,085SHDN220HS,SKF,,,"ECOSPORT, FIESTA, MONDEO",13500,1,,2026-05-20
93,Correas,Correas de Distribucion,0955SP170H,SKF,,,"CLIO, 19, MEGEANE",21500,1,,2026-05-27
94,Correas,Correas de Distribucion,095SP170HS,SKF,,,"CLIO, 19, MEGEANE",21000,1,,2026-05-20
95,Correas,Correas de Distribucion,096SP170H,DAYCO,,,"CLIO, MEGANE, KANGOO",19000,1,,2026-05-27
96,Correas,Correas de Distribucion,101SP170H,SKF,,,"206, 306. 205",22000,1,,2026-05-20
97,Correas,Correas de Distribucion,104SP170H,SKF,,,"307, PARTNER, 206",22500,1,,2026-05-27
98,Correas,Correas de Distribucion,108SP170H,SKF,,,"307, PARTNER, 206. 306",23000,1,,2026-05-20
99,Correas,Correas de Distribucion,111SP170,DAYCO,,,CORSA,10000,3,,2026-05-27
100,Correas,Correas de Distribucion,118SP190,DAYCO,,,"505, R18, R21",17500,1,,2026-05-27
101,Correas,Correas de Distribucion,118SX190,SKF,,,"128, DUNA, UNO, PRISMA",16000,1,,2026-05-20
102,Correas,Correas de Distribucion,121SX180,SKF,,,"GACEL, GOL, GOLF",10500,1,,2026-05-20
103,Correas,Correas de Distribucion,121SX180,DAYCO,,,"GACEL, GOL, GOLF",10500,7,,2026-05-20
104,Correas,Correas de Distribucion,129P8SD220H,DAYCO,,,"PALIO, SIENA, UNO, DOBLO",23500,2,,2026-05-20
105,Correas,Correas de Distribucion,131SP+254HD,DAYCO,,,"ORION, ESCORT, FIESTA, MONDEO",34000,1,,2026-05-20
106,Correas,Correas de Distribucion,134SHPN170HS,SKF,,,"PALIO, SIENA, UNO",38000,1,,2026-05-20
107,Correas,Correas de Distribucion,134SP254H2,SKF,,,"307, PARTNER, 206, BERLINGO",47500,2,,2026-05-27
108,Correas,Correas de Distribucion,135SHX254,DAYCO,,,"GACEL, GOL, PASAT",28000,1,,2026-05-20
109,Correas,Correas de Distribucion,135STP8M190,DAYCO,,,"FOX, GOL TREND",18500,5,,2026-05-20
110,Correas,Correas de Distribucion,135STP8M190H,SKF,,,SURAN,22500,1,,2026-05-27
111,Correas,Correas de Distribucion,136SP254H,SKF,,,"406, BOXER, EXPERT",30000,2,,2026-05-27
112,Correas,Correas de Distribucion,140SP+254H,DAYCO,,,"PARTNER, 206, 306, COROLLA",37000,1,,2026-05-20
113,Correas,Correas de Distribucion,140SP+254HD,SKF,,,"PARTNER, 206, 306",37000,1,,2026-05-20
114,Correas,Correas de Distribucion,141SP+254H,SKF,,,"307, PARTNER, 206",49500,1,,2026-05-20
115,Correas,Correas de Distribucion,146STP8M200H,DAYCO,,,"ZAFIRA, FRONTERA",26000,1,,2026-05-27
116,Correas,Correas de Distribucion,169STP8M200H,DAYCO,,,"ASTRA, VECTRA, CORSA",48500,1,,2026-05-20
117,Correas,Kit de Distribucion,KTB201,DAYCO,,,GOL AUDI,38000,0,,2026-05-23
118,Correas,Kit de Distribucion,KTB466,DAYCO,,,FIAT FIRE C/AUTOMATICO,50000,1,,2026-05-23
119,Correas,Kit de Distribucion,KTB806,DAYCO,,,"FIAT FIRE 1.3/1,4",45000,1,,2026-05-23
120,Correas,Kit de Distribucion,KTB901,DAYCO,,,"FIAT IDEA, PALIO 1.8, CORSA II, MERIVA",43000,1,,2026-05-23
121,Correas,Kit de Distribucion,KTB901,DAYCO,,,"CORSA, AGILE , CLASSIC1.4",45000,2,,2026-06-01
122,Correas,Kit de Distribucion,VKMA01107A,SKF,,,VW,60000,0,,2026-05-23
123,Correas,Kit de Distribucion,VKMA06134A,SKF,,,RENAULT MOTOR K9K,109000,1,,2026-05-23
124,Correas,Kit de Distribucion,VKMC01107A,DAYCO,,,VW GOL TREN KIT + BOMBA DE AGUA,90000,1,,2026-05-23
125,Frenos,Pastillas de Freno,3012M,MAZFREN,,,FIAT 128 (1100),9000,2,,2026-06-25
126,Frenos,Pastillas de Freno,3013M,MAZFREN,,,R12,10000,1,,2026-06-25
127,Frenos,Pastillas de Freno,3023M,MAZFREN,,,"VW GACEL, SENDA, SAVEIRO, GOL",13000,1,,2026-06-25
128,Frenos,Pastillas de Freno,3028M,MAZFREN,,,"VW PASSAT, SENDA, GOL DIESEL",12000,2,,2026-06-25
129,Frenos,Pastillas de Freno,3031M,MAZFREN,,,"R 11, 9, 19, CLIO, EXPRES",13000,1,,2026-06-25
130,Frenos,Pastillas de Freno,3034M,MAZFREN,,,"PICK UP FORD F100, F150",16000,1,,2026-06-25
131,Frenos,Pastillas de Freno,3038M,MAZFREN,,,"CHEV CORSA 97, VW GOL 97",10000,2,,2026-06-25
132,Frenos,Pastillas de Freno,3055M,MAZFREN,,,"R 19, EXPRES, LOGAN, SANDERO, SYMBOL 09",13000,1,,2026-06-25
133,Frenos,Pastillas de Freno,3068M,MAZFREN,,,"CHEV CORSA, SUZUKI FUN",14000,2,,2026-06-25
134,Frenos,Pastillas de Freno,3092M,MAZFREN,,,FORD RANGER,19000,1,,2026-06-25
135,Frenos,Pastillas de Freno,3093M,MAZFREN,,,"FORD FIESTA¨97, KA ¨97",14000,1,,2026-06-25
136,Frenos,Pastillas de Freno,3100M,MAZFREN,,,RENAULT KANGOO,12000,1,,2026-06-28
137,Frenos,Pastillas de Freno,3106M,MAZFREN,,,"RENAULT 9, CLIO, MEGANE (trasera)",13000,1,,2026-06-25
138,Frenos,Pastillas de Freno,3117M,MAZFREN,,,"VW BORA, GOLF, FOX, SURAN, NUEVO POLO",21000,1,,2026-06-25
139,Frenos,Pastillas de Freno,3118M,MAZFREN,,,"VW BORA, FOX, GOLF",21000,1,,2026-06-25
140,Frenos,Pastillas de Freno,3137M,MAZFREN,,,TOYOTA HILUX,22000,1,,2026-06-25
141,Frenos,Pastillas de Freno,3146M,MAZFREN,,,CHEV AVEO,16000,1,,2026-06-25
142,Frenos,Pastillas de Freno,3166M,MAZFREN,,,"CHEV CORSA II, 1.0 1.6 02",18000,1,,2026-06-25
143,Frenos,Pastillas de Freno,3167M,MAZFREN,,,CHEV MERIVA ¨03,20000,2,,2026-06-25
144,Frenos,Pastillas de Freno,3169M,MAZFREN,,,CITROEN C3 (disc vent),19000,2,,2026-06-25
145,Frenos,Pastillas de Freno,3174M,MAZFREN,,,"FIAT IDEA ¨05, STRADA¨99, PALIO",15000,1,,2026-06-25
146,Frenos,Pastillas de Freno,3178M,MAZFREN,,,"FIAT STILO¨02, IDEA¨4, SIENA¨02",20000,1,,2026-06-25
147,Frenos,Pastillas de Freno,3201M,MAZFREN,,,VW AMAROK,24000,1,,2026-06-25
148,Frenos,Pastillas de Freno,3205M,MAZFREN,,,"CHEV CORSA WAGON, CLASICC, AGILE",14000,1,,2026-06-25
149,Frenos,Pastillas de Freno,3210M,MAZFREN,,,CHEV MERIVA 1.6,18000,2,,2026-06-25
150,Frenos,Pastillas de Freno,3212M,MAZFREN,,,"FIAT PALIO, SIENA 09",15000,1,,2026-06-25
151,Frenos,Pastillas de Freno,3215M,MAZFREN,,,VW GOL TREND,21000,1,,2026-06-25
152,Frenos,Pastillas de Freno,3221M,MAZFREN,,,"PEUGEOT 308,408,3008",22000,1,,2026-06-25
153,Frenos,Pastillas de Freno,3224M,MAZFREN,,,RENAULT DUSTER,18000,2,,2026-06-25
154,Frenos,Pastillas de Freno,3225M,MAZFREN,,,"VW VENTO, GOLF GTI",17000,1,,2026-06-25
155,Frenos,Pastillas de Freno,3228M,MAZFREN,,,FORD RANGER ¨12,25000,4,,2026-06-25
156,Frenos,Pastillas de Freno,3229M,MAZFREN,,,FORD FIESTA KINETIC,15000,1,,2026-06-25
157,Frenos,Pastillas de Freno,3236M,MAZFREN,,,"FORD FIESTA, KA",16000,1,,2026-06-25
158,Frenos,Pastillas de Freno,3238M,MAZFREN,,,FORD FOCUS ¨09 (trasera),25000,1,,2026-06-25
159,Frenos,Pastillas de Freno,3244M,MAZFREN,,,"RENAULT LOGAN 13, (araña chica)",17000,1,,2026-06-25
160,Frenos,Pastillas de Freno,3245M,MAZFREN,,,RENAULT LOGAN  ¨13 (araña grande),17000,3,,2026-06-25
161,Frenos,Pastillas de Freno,3250M,MAZFREN,,,TOYOTA COROLLA (autom - trasera),13000,1,,2026-06-25
162,Frenos,Pastillas de Freno,3260M,MAZFREN,,,"FIAT IDEA 07, PUNTO 07, STRADA 07",15000,1,,2026-06-25
163,Encendido,Cables de Bujias,06-1785,FERRAZI,,,R 9. 11. 12 .19  1.5 1.6,14000,1,,2026-05-20
164,Encendido,Cables de Bujias,06-33015,FERRAZI,,,R 9 11 BOBINA SECA,15000,1,,2026-05-20
165,Encendido,Cables de Bujias,1029,PRESTOILITE,,,R12,24000,1,,2026-05-20
166,Encendido,Cables de Bujias,1035,PRESTOILITE,,,"CLIO RT 1.6 R19, 1.6 DESDE 1993",24000,1,,2026-06-23
167,Encendido,Cables de Bujias,1036,PRESTOILITE,,,R19 GTS,24000,1,,2026-05-20
168,Encendido,Cables de Bujias,1050,PRESTOLITE,,,"DUNO, UNO 1.4 1.6 TIPO",24000,2,,2026-06-01
169,Encendido,Cables de Bujias,CD857,CHEFREN,,,GACEL 1.6 1.8,15000,1,,2026-05-20
170,Encendido,Cables de Bujias,CD858,CHEFREN,,,VW DOUGE,15000,1,,2026-05-20
171,Encendido,Cables de Bujias,CF806,CHEFREN,,,600,14000,1,,2026-05-20
172,Encendido,Cables de Bujias,CF811,CHEFREN,,,"REGATAS, 128, 147",14000,1,,2026-05-20
173,Encendido,Cables de Bujias,CV0180094,MAHLE,,,CLIO 1.6. R19  1.6,19000,1,,2026-05-20
174,Encendido,Cables de Bujias,CV0250002,MAHLE,,,"MERIVA, CORSA 1.4 1.6 , PRISMA",20000,6,,2026-05-20
175,Encendido,Cables de Bujias,CV0250003,MAHLE,,,"PUNTO. UNO 1.3, STRADA 1.4 FIRE",16000,3,,2026-05-20
176,Encendido,Cables de Bujias,CV0590006,MAHLE,,,"GACEL 1.6 1.8, SENDA 1.6 1.8, SAVEIRO 1.6 1.8, GOL 2.0 1.8 1.6",25000,1,,2026-05-20
177,Encendido,Cables de Bujias,CV0590049,MAHLE,,,"FOCUS 1.6 ZETEC, ECOSPORTE ZETEC ROCAM",26000,1,,2026-05-20
178,Encendido,Cables de Bujias,CV0700001,MAHLE,,,"GOL 1.4, GOLF 1.6, POLO 1.6, SAVEIRO 1.6, FOX 1.6",24000,4,,2026-05-20
179,Encendido,Cables de Bujias,CV0700009,MAHLE,,,"GOL 1.6 1.8, COUNTRY 1.6 2.0, SAVEIRO 1.6, 1.8, 2.0",30000,3,,2026-06-22
180,Encendido,Cables de Bujias,F00099C143,BOSCH,,,"PALIO. SIENA, PUNTO, STRADA 1.6 16V ETORQ",35000,2,,2026-05-20
181,Encendido,Cables de Bujias,F00099C512,BOSCH,,,"DUNO, UNO, 147  1.4 1.6 TIPO",18000,3,,2026-05-20
182,Encendido,Cables de Bujias,F00099C517,BOSCH,,,R 19 1.6 8V,18000,0,,2026-05-20
183,Encendido,Cables de Bujias,F00099C553,BOSCH,,,FOCUS 2.0 16V ZETEC,20000,1,,2026-05-20
184,Encendido,Cables de Bujias,HESCG73,HELLUX,,,"CORSA, AGILE, MERIVA",20000,1,,2026-05-20
185,Encendido,Cables de Bujias,NCG76,TAILLOT,,,"ASTRA, VECTRA, ZAFIRA",18000,1,,2026-05-20
186,Encendido,Cables de Bujias,NFT09PIN,TAILLOT,,,PALIO. SIENA 1.0 1.6 FIRE,18000,5,,2026-05-20
187,Encendido,Cables de Bujias,NWV02,TAILLOT,,,"GOL, VOYAGE, SAVEIRO",18000,2,,2026-05-20
188,Encendido,Cables de Bujias,NWV28,TAILLOT,,,BORA,22000,2,,2026-05-20
189,Encendido,Cables de Bujias,SC-F01,NGK,,,"KA,ENDURA1.3i",36000,1,,2026-05-20
190,Encendido,Cables de Bujias,SC-F02,NGK,,,"KA, FOCUS, FIESTA, ECOSPORT",38000,1,,2026-05-20
191,Encendido,Cables de Bujias,SC-G03,NGK,,,AVEO,80000,1,,2026-05-20
192,Encendido,Cables de Bujias,SC-G76,NGK,,,"ZAFIRA, ASTRA, VECTRA 2.0 MPFi",50000,2,,2026-05-20
193,Encendido,Cables de Bujias,SC-R16,NGK,,,RENAULT/NISSAN CLIO 1.2,50000,1,,2026-05-20
194,Encendido,Cables de Bujias,SC-T06,NGK,,,"PALIO, SIENA, FIRE 1.3 8V",33000,1,,2026-05-20
195,Encendido,Cables de Bujias,SC-T64,NGK,,,"UNO NUEVO, 1.4 EVO 8V",45000,1,,2026-05-20
196,Encendido,Cables de Bujias,SC-T67,NGK,,,"PALIO. SIENA, IDEA 1.6 ETORQ",45000,1,,2026-05-20
197,Encendido,Cables de Bujias,ST-V02,NGK,,,"ECOSPORT, GOL, GACEL, COUNTRY, SENDA, SAVEIRO",40000,1,,2026-05-20
198,Encendido,Cables de Bujias,TR831,TAILLOT,,,R 12. 18. TRAFIC,15000,1,,2026-05-20
199,Transmision,Homocineticas,003,DAUGER,,,R12,35000,1,,2026-05-21
200,Transmision,Homocineticas,005,DAUGER,,,R 11 R9,36000,1,,2026-05-21
201,Transmision,Homocineticas,091,DAUGER,,,VECTRA / MONZA,48000,1,,2026-05-21
202,Transmision,Homocineticas,102,DAUGER,,,TRAFIC,65000,1,,2026-05-21
203,Transmision,Homocineticas,160,DAUGER,,,IDEA FIRE,48000,1,,2026-05-22
204,Transmision,Homocineticas,165,DAUGER,,,PUNTO,60000,1,,2026-05-21
205,Transmision,Homocineticas,2JH0262,CORVEN,,,CORSA II. MERIVA,30000,1,,2026-05-21
206,Transmision,Homocineticas,5014/363,GENNOR,,,WEEKEN,24000,1,,2026-05-21
207,Transmision,Homocineticas,5015/364,GENNOR,,,WEEKEN,24000,1,,2026-05-21
208,Transmision,Homocineticas,CJ0111H,SADAR,,,"DUNA, UNO, FIORINO, 128, 147, REGATAS",25000,1,,2026-07-06
209,Transmision,Homocineticas,CJ0144H,SADAR,,,"9, 11, 11 TURBO",25000,2,,2026-07-06
210,Transmision,Homocineticas,CJ0161H,SADAR,,,"GOL, SENDA, GACEL, SAVEIRO",25000,1,,2026-05-21
211,Transmision,Homocineticas,HM925A,ROLL,,,12 5TA,24000,1,,2026-05-21
212,Transmision,Homocineticas,JHR-00013,DAUGER,,,"FIAT 147, 128, DUNA, REGATA, SPAZIO, UNO",32500,1,,2026-05-23
213,Transmision,Homocineticas,NJH2-2323,NAKATA,,,"KANGOO, CLIO, MEGANE",70000,1,,2026-05-23
214,Transmision,Homocineticas,VKJA2140A,SKF,,,"GOL, POLO, SAVEIRO, SENDA",33000,2,,2026-05-21
215,Transmision,Homocineticas,VKJA2163A,SKF,,,"GOL TREND, FOX, SURAN",50000,0,,2026-05-21
216,Transmision,Homocineticas,VKJA2210A,SKF,,,"128, 147, DUNA, FIORINO, SPAZIO, UNO",35500,1,,2026-05-21
217,Transmision,Homocineticas,VKJA2530A,SKF,,,"AGILE, CLASICC, CORSA, PRISMA, ASTRA",34500,2,,2026-05-23
218,Transmision,Homocineticas,VKJA2610A,SKF,,,R 12,47000,2,,2026-05-21
219,Transmision,Homocineticas,VKJA2611A,SKF,,,R 12,41000,1,,2026-05-21
220,Refrigeracion,Bombas de Agua,BA 434,VMG,,,"CLIO, MEGANE 1.6 16 V",33000,1,,2026-05-23
221,Refrigeracion,Bombas de Agua,BA1076,VMG,,,"GOL, GACEL, SENDA 1.6 1.8 2.0 FORD",23500,1,,2026-05-23
222,Refrigeracion,Bombas de Agua,BA419,VMG,,,"FIESTA 1.6 8V, KA 1.0 1.6 8V",27500,1,,2026-05-23
223,Refrigeracion,Bombas de Agua,BA4422,VMG,,,"FIAT 1.4i 8v, 1.3i 8v",27000,1,,2026-05-23
224,Refrigeracion,Bombas de Agua,E202762/1,EUGA,,,"GOLF 1.6, GOL 1.6, POLO 1.0 TDI",24000,1,,2026-05-23
225,Refrigeracion,Bombas de Agua,HD2707,HELIODINO,,,505 MOTOR 2000,47000,1,,2026-05-23
226,Refrigeracion,Bombas de Agua,HD2810,HELIODINO,,,"ASTRA VECTRA 2,0",42000,1,,2026-05-23
227,Refrigeracion,Bombas de Agua,VKPC81210A,SKF,,,GOL 1000MI 8V 95 POLO 1.4 1.6,33000,2,,2026-05-23
228,Rodamientos,Rodamientos,110487,NBC,,,"R DEL, AGILE, ASTRA, CELTA, CLASSIC, CORSA",14000,1,,2026-07-06
229,Rodamientos,Rodamientos,12G-88128TN9/GJN,SKF,,,R TRAS F100,48000,2,CENTRO DE RODAMIENTO,2026-05-25
230,Rodamientos,Rodamientos,30204,KZ,,,R TRAS R12,2500,5,CENTRO DE RODAMIENTO,2026-05-25
231,Rodamientos,Rodamientos,30205,KZ,,,R TRAS INT R12,2500,4,CENTRO DE RODAMIENTO,2026-05-25
232,Rodamientos,Rodamientos,309726-BAH-0092,CRD,,,"R DEL AVEO, SONIC, VECTRA",12000,3,CENTRO DE RODAMIENTO,2026-05-25
233,Rodamientos,Rodamientos,329013,FMB,,,"R  TRASERA FORD ESCOPORT, FIESTA",3500,9,CENTRO DE RODAMIENTO,2026-05-25
234,Rodamientos,Rodamientos,6202-2RSH/C3,SKF,,,RODAMIENTO ALTERNADOR,4000,2,CENTRO DE RODAMIENTO,2026-05-25
235,Rodamientos,Rodamientos,6202-2RSH/C3,ZNL,,,RODAMIENTO ALTERNADOR,2500,10,CENTRO DE RODAMIENTO,2026-05-25
236,Rodamientos,Rodamientos,6203-2RSH/C3,SKF,,,RODAMIENTO ALTERNADOR,4000,3,CENTRO DE RODAMIENTO,2026-05-25
237,Rodamientos,Rodamientos,62032RSC3,KZ,,,"ROD ALTERNADOR R12,  R11",2500,2,CENTRO DE RODAMIENTO,2026-05-25
238,Rodamientos,Rodamientos,6207NVP,ZNL,,,R DEL R12,9000,3,CENTRO DE RODAMIENTO,2026-05-25
239,Rodamientos,Rodamientos,800179 B=800172,CRD,,,KIT ROD RUEDA TRASERA C/ABS  MAZA,63000,1,MERCADO LIBRE,2026-05-25
240,Rodamientos,Rodamientos,803775,CRD,,,"R DEL CORSA, ASTRA, CORSA 2, MERIVA",12500,7,CENTRO DE RODAMIENTO,2026-06-01
241,Rodamientos,Rodamientos,88128/R,CRD,,,R TRAS F100,8500,1,CENTRO DE RODAMIENTO,2026-05-25
242,Rodamientos,Rodamientos,88128C/S,CRD,,,R TRAS F100,8500,1,CENTRO DE RODAMIENTO,2026-05-25
243,Rodamientos,Rodamientos,ACRR02M,CILBRAKE,,,RUEDA DEL CHEV / SUZUKI,12000,1,CENTRO DE RODAMIENTO,2026-05-25
244,Rodamientos,Rodamientos,ANB12,NBC,,,R DEL R12,9000,8,CENTRO DE RODAMIENTO,2026-05-25
245,Rodamientos,Rodamientos,BA2B-633265,CRD,,,"R TRAS + MAZA 128, 147, FIORINO, PALIO, UNO",27000,3,CENTRO DE RODAMIENTO,2026-05-25
246,Rodamientos,Rodamientos,BAH-0015=633676,CRD,,,"R DEL GRAN SIENA, PALIO, PUNTO, UNO",13000,1,CENTRO DE RODAMIENTO,2026-05-25
247,Rodamientos,Rodamientos,BAH-0036,CRD,,,R DEL ASTRA,15000,1,CENTRO DE RODAMIENTO,2026-06-11
248,Rodamientos,Rodamientos,BAH-0053 ADX,CRD,,,"RUEDA DEL FIORINO, IDEA, LINEA, PUNTO, QUBO, STILO CON ABS",20000,1,,2026-07-06
249,Rodamientos,Rodamientos,BAH-0055 AAX,CRD,,,"CRONOS, GRAN SIENA, IDEA, LINEA, PALIO, STRADA CON ABS",18000,1,,2026-07-06
250,Rodamientos,Rodamientos,BAH-0064AXX,CRD,,,"R DEL GRAN SIENA, MOBI, PALIO, STILO, UNO CON ABS",15000,3,CENTRO DE RODAMIENTO,2026-05-25
251,Rodamientos,Rodamientos,BAH-0094,CRD,,,"R DEL SIN ABS R9, 19, CLIO, CLIO II, MEGANE, KANGOO",13000,1,CENTRO DE RODAMIENTO,2026-06-01
252,Rodamientos,Rodamientos,BAH-0106DX,CRD,,,"R DEL GOL, VOYAGE, TREND, SAVEIRO",20000,6,CENTRO DE RODAMIENTO,2026-06-11
253,Rodamientos,Rodamientos,BAH-0106DX,CRD,,,"R DEL ECOSPORT, FIESTA, FOCUS, KA  C/ABS",18000,0,CENTRO DE RODAMIENTO,2026-05-25
254,Rodamientos,Rodamientos,BAH-0206,SKF,,,"FORD KA, ECOSPORT",40000,1,,2026-06-01
255,Rodamientos,Rodamientos,BAHB-311315,CRD,,,"R DEL GACEL, GOL, TREND, SAVEIRO, VOYAGE",12000,5,CENTRO DE RODAMIENTO,2026-05-25
256,Rodamientos,Rodamientos,BAHB-311396,CRD,,,"R TRASERA FOX, GACEL, GOL, POLO",13000,11,CENTRO DE RODAMIENTO,2026-05-25
257,Rodamientos,Rodamientos,BAHB-633967,CRD,,,"R DEL UNO, SPAZIO, SIENA, PALIO",11000,10,CENTRO DE RODAMIENTO,2026-05-25
258,Rodamientos,Rodamientos,BAHB-636114A,CRD,,,"R DEL AGILE, ASTRA, VECTRA, CLASSIC",11500,7,CENTRO DE RODAMIENTO,2026-05-25
259,Rodamientos,Rodamientos,BTH-1206D,CRD,,,"R TRAS ECOSPORT, FIESTA, FOCUS, KA",9500,2,CENTRO DE RODAMIENTO,2026-05-25
260,Rodamientos,Rodamientos,F-110731,CRD,,,"R DEL DUNA, FIORINO, PALIO, SIENA, UNO",9000,1,CENTRO DE RODAMIENTO,2026-05-25
261,Rodamientos,Rodamientos,F-801191-09,CRD,,,"MAZA RUEDA TRAS, FOX, CROS, SURAN, GOL, TREND",58000,1,,2026-06-11
262,Rodamientos,Rodamientos,F-89628,CRD,,,ROD VARIOS  DUNA,8000,1,CENTRO DE RODAMIENTO,2026-05-25
263,Rodamientos,Rodamientos,F110165-1,CRD,,,ROD SEMIEJE,9000,4,CENTRO DE RODAMIENTO,2026-05-25
264,Rodamientos,Rodamientos,FC-12025,CRD,,,"R TRAS CLIO, KANGOO,  LOGAN, MEGANE",8500,6,CENTRO DE RODAMIENTO,2026-05-25
265,Rodamientos,Rodamientos,FC-12033,CRD,,,"R DEL R11, 19, 9, CLIO, CLIO II, KANGOO, TWINGO",11500,5,CENTRO DE RODAMIENTO,2026-05-25
266,Rodamientos,Rodamientos,FC-40650,CRD,,,"ROD EJE RUEDA TRA CORSA II, MERIVA",11000,2,CENTRO DE RODAMIENTO,2026-05-25
267,Rodamientos,Rodamientos,FC-40650,CRD,,,"R TRAS CORSA, CORSA II, MONTANA",11000,0,CENTRO DE RODAMIENTO,2026-05-25
268,Rodamientos,Rodamientos,FC-896298-1,CRD,,,"R SEMI EJE  CLIO, 9, 11, 19, 21, KANGOO, MEGANE",9000,2,CENTRO DE RODAMIENTO,2026-05-25
269,Rodamientos,Rodamientos,GB-12258,CRD,,,"R DEL DOBLO, DUNA, FIORINO, IDEA, PALIO",13000,2,CENTRO DE RODAMIENTO,2026-05-25
270,Rodamientos,Rodamientos,GB-12258=GB-12807,CRD,,,"R TRASE R11,  19, 9, CLIO, CLIO II, KANGOO",13000,4,CENTRO DE RODAMIENTO,2026-05-25
271,Rodamientos,Rodamientos,JL68145/68111Z,URB,,,"R DEL ESCORT, FIESTA, SIERRA",7500,4,CENTRO DE RODAMIENTO,2026-05-25
272,Rodamientos,Rodamientos,KIT-1149,CRD,,,R DEL F 100 68/73,22000,2,CENTRO DE RODAMIENTO,2026-05-25
273,Rodamientos,Rodamientos,KIT-1229,CRD,,,R DEL  F 100 73/92,23000,1,CENTRO DE RODAMIENTO,2026-05-25
274,Rodamientos,Rodamientos,KIT32007,CRD,,,R TRAS,16000,2,PRECIO SUJERIDO TIO,2026-05-25
275,Rodamientos,Rodamientos,KIT4544,CRD,,,"R DEL, AGILE, CLASSIC, CORSA, SPRIT",10000,5,CENTRO DE RODAMIENTO,2026-05-25
276,Rodamientos,Rodamientos,SET-10,CRD,,,"KIT RUED TRASERA F100, F150, RANGER NUEVA",14000,2,CENTRO DE RODAMIENTO,2026-06-01
277,Rodamientos,Rodamientos,SET-9,CRD,,,"R TRASERA FORD FALCON, RANGER",11500,1,CENTRO DE RODAMIENTO,2026-06-01
278,Rodamientos,Rodamientos,SET80,CRD,,,"R TRAS F 100, FORD RANGER",14000,1,CENTRO DE RODAMIENTO,2026-05-25
279,Rodamientos,Rodamientos,TGB10872,CRD,,,"R DEL R18, R21, SPORT",30500,1,CENTRO DE RODAMIENTO,2026-05-25
280,Rodamientos,Rodamientos,VKBA 3577,SKF,,,"R DEL ABS CRONOS, ARGO, GRAN SIENA, FIORIONO",35000,1,,2026-06-01
281,Rodamientos,Rodamientos,VKBA 6682,CRD,,,"RUED DEL OROCH, FLUENCE CON ABS",27000,1,,2026-07-06
282,Rodamientos,Rodamientos,VKBA-6502,CRD,,,"RUEDA DEL PALIO, SIENA, STRADA, WEKEN, 14¨CON ABS",22000,1,,2026-07-06
283,Rodamientos,Rodamientos,VKBA-6720=F-563644,CRD,,,"R DEL C/ ABS AGILE, CLASSIC, PRISMA",22000,1,CENTRO DE RODAMIENTO,2026-05-25
284,Rodamientos,Rodamientos,VKBA-6767=BAF-0175,CRD,,,"MAZA RUEDA TRAS, FOX, CROS, SURAN, GOL, TREND",45000,2,,2026-06-11
285,Rodamientos,Rodamientos,VKBA3577,SKF,,,"R TRAS CRONOS, MOBI, GRAN SIENA, NOVO",50000,2,CENTRO DE RODAMIENTO,2026-06-11
286,Rodamientos,Rodamientos,VKBA4544,SKF,,,"R DEL, AGILE, CLASSIC, CORSA, SPRIT",23000,1,CENTRO DE RODAMIENTO,2026-05-25
287,Rodamientos,Rodamientos,VKBA4549A,SKF,,,"R TRASERA GOL, TREND, SENDA, SAVEIRO",25000,2,PRECIO SUJERIDO TIO,2026-05-25
288,Rodamientos,Rodamientos,VKBA4549A,CRD,,,"R TRASERA GOL, TREND, SENDA, SAVEIRO",10000,1,PRECIO SUJERIDO TIO,2026-05-25
289,Filtros,Aceite,19347724,ACEDELCO,ACEITE,,"GOL, SAVEIRO, FOX, SURAN 1.6",2500,1,GRUPO AUTOPARTES,2026-05-29
290,Filtros,Aceite,JFO0211,WEGA,ACEITE,,TOYOTA HILUX 3.0,5500,1,GRUPO AUTOPARTES,2026-05-29
291,Filtros,Aceite,JFO0410,WEGA,ACEITE,,"HONDA CIVIC 1.7, 1.5",6000,1,GRUPO AUTOPARTES,2026-05-29
292,Filtros,Aceite,OB3332,BOSCH,ACEITE,,CLIO DUSTER KANGOO SENDERO,3000,3,GRUPO AUTOPARTES,2026-05-29
293,Filtros,Aceite,OC 333,MAHLE,ACEITE,,GOL POWER 1.6,3000,1,MERCADO LIBRE,2026-05-29
294,Filtros,Aceite,OC 59,MAHLE,ACEITE,,VW GOL 2.0 1.9,4000,1,MERCADO LIBRE,2026-05-29
295,Filtros,Aceite,OC 90,MAHLE,ACEITE,,CORSA AGILE 1.4 1.6,3000,5,MERCADO LIBRE,2026-05-29
296,Filtros,Aceite,W1323,MANN,ACEITE,,CHEV S10,10000,1,GRUPO AUTOPARTES,2026-05-29
297,Filtros,Aceite,W610/3,MANN,ACEITE,,"CORSA 1.7,  FIAT IDEA 1.4 FIRE, PALIO 1.4",3000,2,GRUPO AUTOPARTES,2026-05-29
298,Filtros,Aceite,W711/80,MANN,ACEITE,,TOYOTA HILUX 3.0,6000,2,GRUPO AUTOPARTES,2026-05-29
299,Filtros,Aceite,W712/22,MANN,ACEITE,,VW GOL 2.0 1.9,5000,3,GRUPO AUTOPARTES,2026-05-29
300,Filtros,Aceite,W712/8,MANN,ACEITE,,"PEUGEOT 307 1.6, 206 1.4, BERLINGO 1.4",9000,1,GRUPO AUTOPARTES,2026-05-29
301,Filtros,Aceite,W713/4,MANN,ACEITE,,"FIAT UNO 1.1, R 12, R11, TARAFIC",8000,1,GRUPO AUTOPARTES,2026-05-29
302,Filtros,Aceite,W719/5,MANN,ACEITE,,GOL 1.6,4000,1,GRUPO AUTOPARTES,2026-05-29
303,Filtros,Aceite,W920/32,MANN,ACEITE,,FOCUS,5000,1,GRUPO AUTOPARTES,2026-05-29
304,Filtros,Aceite,W940,MANN,ACEITE,,VW GOL 2.0 1.9,6000,1,GRUPO AUTOPARTES,2026-05-29
305,Filtros,Aceite,WO120,WEGA,ACEITE,,"CORSA 1.7,  FIAT IDEA 1.4 FIRE, PALIO 1.4",3000,1,GRUPO AUTOPARTES,2026-05-29
306,Filtros,Aceite,WO121,WEGA,ACEITE,,"FIAT STRADA 1.0, UNO 1.3 ARGO 1.8 ETORQ",4000,3,GRUPO AUTOPARTES,2026-05-29
307,Filtros,Aceite,WO130,WEGA,ACEITE,,"SUZUKI FUN 1.4, CHEV S10 2.2",2500,4,GRUPO AUTOPARTES,2026-05-29
308,Filtros,Aceite,WO200,WEGA,ACEITE,,RENAULT MEGANE KANGOO SENIC 2.0,2500,1,GRUPO AUTOPARTES,2026-05-29
309,Filtros,Aceite,WO205,WEGA,ACEITE,,"RENAULT CLIO, KANGO 1.2, TWINGO 1.2",4000,8,GRUPO AUTOPARTES,2026-05-29
310,Filtros,Aceite,WO280,WEGA,ACEITE,,"FORD F100, CHEV AVEO 1.6",11500,1,GRUPO AUTOPARTES,2026-05-29
311,Filtros,Aceite,WO340,WEGA,ACEITE,,"VW FOX 1.6 AUDI, CHEV AVEO 1.6",3000,7,GRUPO AUTOPARTES,2026-05-29
312,Filtros,Aceite,WO370,WEGA,ACEITE,,VW GOL 2.0 1.9,4500,6,GRUPO AUTOPARTES,2026-05-29
313,Filtros,Aceite,WO390,WEGA,ACEITE,,FIAT TIPO 1.6 8V 16 V,5000,2,GRUPO AUTOPARTES,2026-07-01
314,Filtros,Aceite,WO430,WEGA,ACEITE,,"FIAT UNO 1.1, R 12, R11, TARAFIC",7500,9,GRUPO AUTOPARTES,2026-05-29
315,Filtros,Aceite,WO460,WEGA,ACEITE,,FIAT UNO FIRE 1.3,12000,1,GRUPO AUTOPARTES,2026-07-01
316,Filtros,Aceite,WOE130,WEGA,ACEITE,,FORD RANGER 3.0,8500,1,GRUPO AUTOPARTES,2026-05-29
317,Filtros,Aceite,WOE640,WEGA,ACEITE,,VW PASSAT 2.0 AUDI,7500,1,GRUPO AUTOPARTES,2026-05-29
318,Filtros,Aceite,WOE700,WEGA,ACEITE,,"PEUGEOT 307 1.6, 206 1.4, BERLINGO 1.4",8500,11,GRUPO AUTOPARTES,2026-05-29
319,Filtros,Aceite,WOE710,WEGA,ACEITE,,"PEUGEOT 207, 206, 307, C4",2500,8,GRUPO AUTOPARTES,2026-05-29
320,Filtros,Aceite,WOE912,WEGA,ACEITE,,FIAT PUNTO IDEA STRADA 1.6 ETORQ,8500,5,GRUPO AUTOPARTES,2026-05-29
321,Filtros,Aire,19347742,ACDELCO,AIRE,,CHEV AGILE 1.4,2500,3,GRUPO AUTOPARTES,2026-05-29
322,Filtros,Aire,19347807,ACDELCO,AIRE,,FORD COSPORT,2500,1,GRUPO AUTOPARTES,2026-05-29
323,Filtros,Aire,5Z0129620-E,EXPOYER,AIRE,,VW GOL TREND 1.4 1.6,3000,1,GRUPO AUTOPARTES,2026-05-29
324,Filtros,Aire,C1858/2,MANN,AIRE,,"RENAULT CLIO II, KANGOO 1.6 K4M",4000,1,GRUPO AUTOPARTES,2026-05-29
325,Filtros,Aire,C23 121/2,MANN,AIRE,,FORD RANGER,9000,1,GRUPO AUTOPARTES,2026-05-29
326,Filtros,Aire,C23107,MANN,AIRE,,TOYOTA HILUX 2.4 2.8,8000,1,GRUPO AUTOPARTES,2026-05-29
327,Filtros,Aire,FAP1002,WEGA,AIRE,,HONDA,3500,4,GRUPO AUTOPARTES,2026-05-29
328,Filtros,Aire,FAP2269,WEGA,AIRE,,"CHEV- SONIC 1.6, SPIN 1.8, COBALT 1.4",3200,3,GRUPO AUTOPARTES,2026-05-29
329,Filtros,Aire,FAP2827,WEGA,AIRE,,"CHEV CORSA 1.4, CORSA 1.6",2500,1,GRUPO AUTOPARTES,2026-05-29
330,Filtros,Aire,FAP2831,WEGA,AIRE,,"FIAT PALIO FIRE 8V 1.4, 1.6 16V",5000,2,GRUPO AUTOPARTES,2026-07-01
331,Filtros,Aire,FAP3269,WEGA,AIRE,,CHEV PRISMA,5000,2,GRUPO AUTOPARTES,2026-07-01
332,Filtros,Aire,FAP3280,WEGA,AIRE,,"CHEV MERIVA, CORSA 1.7 MONTANA 1.7",8000,1,GRUPO AUTOPARTES,2026-05-29
333,Filtros,Aire,FAP3602,WEGA,AIRE,,VW GOL TREND 1.4 1.6,5000,2,GRUPO AUTOPARTES,2026-06-19
334,Filtros,Aire,FAP3602,WEGA,AIRE,,VW GOL POWER 1.6 8V,5000,2,GRUPO AUTOPARTES,2026-07-01
335,Filtros,Aire,FAP4033,WEGA,AIRE,,"FIAT DUNA, UNO, IDEA 1.6 TIPO",4000,3,GRUPO AUTOPARTES,2026-05-29
336,Filtros,Aire,FAP4034,WEGA,AIRE,,"VW AUDI GOL, PAINTER 1.6, FOR ESCORT1.6",7000,1,GRUPO AUTOPARTES,2026-05-29
337,Filtros,Aire,FAP4035,WEGA,AIRE,,FIAT TIPO 1.6 8V 16V,12000,2,GRUPO AUTOPARTES,2026-07-01
338,Filtros,Aire,FAP4054/2,WEGA,AIRE,,"PEUGEOT 307 1.6, C4 1.6",6500,1,GRUPO AUTOPARTES,2026-05-29
339,Filtros,Aire,FAP4872/1,WEGA,AIRE,,RENAULT CLIO II 1.2,5000,5,GRUPO AUTOPARTES,2026-05-29
340,Filtros,Aire,FAP4873,WEGA,AIRE,,"CITROEN BERLINGO 1.6, C3 1.6",3000,1,GRUPO AUTOPARTES,2026-05-29
341,Filtros,Aire,FAP4878/1,WEGA,AIRE,,"RENAULT LOGAN, SANDERO 1.6",5500,4,GRUPO AUTOPARTES,2026-06-11
342,Filtros,Aire,FAP7007,WEGA,AIRE,,"VW GOL 1.6 AUDI, VOYAGE 1.6, TREND 1.6",4000,5,GRUPO AUTOPARTES,2026-05-29
343,Filtros,Aire,FAP7007,WEGA,AIRE,,VW TREND 1.6,5000,2,GRUPO AUTOPARTES,2026-07-01
344,Filtros,Aire,FAP9002,WEGA,AIRE,,FORD RANGER,11500,2,GRUPO AUTOPARTES,2026-05-29
345,Filtros,Aire,FAP9003,WEGA,AIRE,,FORD RANGER 2.5,11500,4,GRUPO AUTOPARTES,2026-05-29
346,Filtros,Aire,FAP9015,WEGA,AIRE,,FIAT PUNTO 1.8,14500,1,GRUPO AUTOPARTES,2026-05-29
347,Filtros,Aire,FAP9121,WEGA,AIRE,,FIAT PALIO 1.6 16V ETORQ,8000,2,GRUPO AUTOPARTES,2026-07-01
348,Filtros,Aire,FAP9121,MOPAR,AIRE,,FIAT PALIO 1.6 ETORQ,5000,1,GRUPO AUTOPARTES,2026-05-29
349,Filtros,Aire,FAP9273,WEGA,AIRE,,"RENAULT CLIO II, KANGOO 1.6 K4M",3500,1,GRUPO AUTOPARTES,2026-05-29
350,Filtros,Aire,FAP9299,WEGA,AIRE,,"RENAULT SANDERO, DUSTER OROCH 2.0",9000,1,GRUPO AUTOPARTES,2026-05-29
351,Filtros,Aire,JFA0282,WEGA,AIRE,,TOYOTA HILUX 2.4 2.8,11000,1,GRUPO AUTOPARTES,2026-05-29
352,Filtros,Aire,JFA602,WEGA,AIRE,,CHEV AVEO 2008,18000,1,GRUPO AUTOPARTES,2026-05-29
353,Filtros,Aire,WR198,WEGA,AIRE,,FORD RANGER 3.0,17000,1,GRUPO AUTOPARTES,2026-05-29
354,Filtros,Aire,WR201,WEGA,AIRE,,"VW GALAXY 1.6 1.8, GOL 1.0, GOL 1.6 AUDI",8500,1,GRUPO AUTOPARTES,2026-05-29
355,Filtros,Aire,WR201,WEGA,AIRE,,TRACTOR,11000,2,GRUPO AUTOPARTES,2026-05-29
356,Filtros,Aire,WR245,WEGA,AIRE,,RENAULT LOGAN 1.6 K4M,7500,2,GRUPO AUTOPARTES,2026-05-29
357,Filtros,Aire,WR275,WEGA,AIRE,,RENAULT 19,12000,2,GRUPO AUTOPARTES,2026-07-01
358,Filtros,Combustible,19347709,ACDELCO,COMBUSTIBLE,,"VW GOL 1.0 1.6, AUDI, GOL TREND, FOX",3000,1,MERCADO LIBRE,2026-06-01
359,Filtros,Combustible,19347797,ACDELCO,COMBUSTIBLE,,,3000,2,MERCADO LIBRE,2026-06-01
360,Filtros,Combustible,FCD0754,WEGA,COMBUSTIBLE,,RANAULT KANGOO,9000,1,GRUPO AUTOPARTES,2026-06-01
361,Filtros,Combustible,FCD2061,WEGA,COMBUSTIBLE,,FORD RANGER  3.0,18000,1,GRUPO AUTOPARTES,2026-06-01
362,Filtros,Combustible,FCD2068,WEGA,COMBUSTIBLE,,VW GOLF 1.9,18000,1,GRUPO AUTOPARTES,2026-06-01
363,Filtros,Combustible,FCI1105,WEGA,COMBUSTIBLE,,"CHEV CORSA 1.2 1.4 1.6, MONTANA",7500,1,GRUPO AUTOPARTES,2026-06-01
364,Filtros,Combustible,FCI1600,WEGA,COMBUSTIBLE,,FIAT PALIO SIENA UNO 1.3 1.5 1.0,4000,1,GRUPO AUTOPARTES,2026-06-01
365,Filtros,Combustible,FCI1610,WEGA,COMBUSTIBLE,,FIAT PALIO SIENA UNO 1.3 1.5 1.0,9000,3,GRUPO AUTOPARTES,2026-06-01
366,Filtros,Combustible,FCI1620,WEGA,COMBUSTIBLE,,"VW GOL 1.0 1.6, AUDI, GOL TREND, FOX",3500,2,GRUPO AUTOPARTES,2026-06-01
367,Filtros,Combustible,FCI1630,WEGA,COMBUSTIBLE,,"PEUGEOT 307, 407, 206. 306",3000,2,GRUPO AUTOPARTES,2026-06-01
368,Filtros,Combustible,FCI1660,WEGA,COMBUSTIBLE,,"SUSUKI FUN, CHEV CORSA 1.4 1.6 1.0",3200,2,GRUPO AUTOPARTES,2026-06-01
369,Filtros,Combustible,GB0018,BOSH,COMBUSTIBLE,,CHEV CORSA ASTRA  KANGOO LONGA,5000,4,MERCADO LIBRE,2026-06-01
370,Filtros,Combustible,JFC207/3,WEGA,COMBUSTIBLE,,TOYOTA HILUX 2.4 2.8,13000,1,GRUPO AUTOPARTES,2026-06-01
371,Filtros,Combustible,JFC383,WEGA,COMBUSTIBLE,,CHEV AVEO 1.6,9500,1,GRUPO AUTOPARTES,2026-06-01
372,Filtros,Combustible,PU835X,MANN,COMBUSTIBLE,,TOYOTA HILUX 2.5 16V,10000,3,GRUPO AUTOPARTES,2026-06-01
373,Filtros,Combustible,PU922X,MANN,COMBUSTIBLE,,CITROEN,10000,1,GRUPO AUTOPARTES,2026-06-01
374,Filtros,Combustible,WK1162,MANN,COMBUSTIBLE,,IVECO CAMION,16000,1,GRUPO AUTOPARTES,2026-06-01
375,Filtros,Combustible,WK58/3,MANN,COMBUSTIBLE,,"PEUGEOT 307, 407, 206. 306 CLIO II K4M",4000,1,GRUPO AUTOPARTES,2026-06-01
376,Filtros,Combustible,WK612/7,MANN,COMBUSTIBLE,,FOR ECOSPORT 2.0 FIESTA 1.6,5500,1,GRUPO AUTOPARTES,2026-06-01
377,Filtros,Combustible,WK613/3,MANN,COMBUSTIBLE,,"VW GOL 1.0 1.6, AUDI, GOL TREND, FOX",4000,2,GRUPO AUTOPARTES,2026-06-01
378,Filtros,Combustible,WK8034,WIX,COMBUSTIBLE,,"PEUGEOT 307, 407, 206. 306",3000,1,GRUPO AUTOPARTES,2026-06-01
379,Filtros,Combustible,WK940/35,MANN,COMBUSTIBLE,,CHEV S10,18000,1,GRUPO AUTOPARTES,2026-06-01
380,Tren Delantero,Axial,2138,APEX,AXIAL,D/I,"LOGAN, SANDERO 07",15000,1,,2026-06-30
381,Tren Delantero,Axial,2228,APEX,AXIAL,D/I,"FOX 03/06, SURAN 06, GOL",14000,4,,2026-06-30
382,Tren Delantero,Axial,2229,APEX,AXIAL,D/I,"GOL, VOYAGE, CROSS FOX, GOL TREND",14000,2,,2026-06-30
383,Tren Delantero,Axial,2291,APEX,AXIAL,D/I,INDALMEG,18000,2,,2026-06-30
384,Tren Delantero,Axial,2330,APEX,AXIAL,D/I,"LOGAN, SANDERO 14",16000,1,,2026-06-30
385,Tren Delantero,Axial,2347,APEX,AXIAL,D/I,PALIO 05. IDEA,14000,2,,2026-06-30
386,Tren Delantero,Axial,2355,APEX,AXIAL,D/I,"PALIO, SIENA, STRADA 2010",16000,2,,2026-06-30
387,Tren Delantero,Axial,2606,APEX,AXIAL,D/I,CORSA WIND,14000,2,MERCADO LIBRE,2026-06-30
388,Tren Delantero,Axial,2624,APEX,AXIAL,D/I,"CORSA EVOLUTION, MONTANA, 04-07, MERIVA",16000,2,MERCADO LIBRE,2026-06-30
389,Tren Delantero,Axial,40016,TIPER,AXIAL,D/I,PARTNER,16000,2,,2026-06-30
390,Tren Delantero,Axial,40026,TIPER,AXIAL,D/I,307,16000,1,,2026-06-30
391,Tren Delantero,Axial,43028,TIPER,AXIAL,D/I,EXPLORE,16000,2,,2026-06-30
392,Tren Delantero,Axial,44008,TIPER,AXIAL,D/I,19,14000,1,,2026-06-30
393,Tren Delantero,Axial,44041,TIPER,AXIAL,D/I,"LOGAN, DUSTER, SANDERO",14000,1,,2026-06-30
394,Tren Delantero,Axial,44042,TIPER,AXIAL,D/I,TREND,14000,1,,2026-06-30
395,Tren Delantero,Axial,44141,TIPER,AXIAL,D/I,DUSTER,16000,2,,2026-06-30
396,Tren Delantero,Axial,46009,TIPER,AXIAL,D/I,"ASTRA, ZAFIRA, VECTRA",14000,2,GRUPO AUTOPARTES,2026-06-30
397,Tren Delantero,Axial,46017,TIPER,AXIAL,D/I,CORSA,14000,1,MERCADO LIBRE,2026-06-30
398,Tren Delantero,Axial,46084,TIPER,AXIAL,D/I,S10  13,18000,1,GRUPO AUTOPARTES,2026-06-30
399,Tren Delantero,Axial,B56167,THOMPSON,AXIAL,D/I,AGILE,16000,1,GRUPO AUTOPARTES,2026-06-30
400,Tren Delantero,Barra Central,4201,MC,BARRA CENTRAL,,FALCON 67-70,38000,1,,2026-06-30
401,Tren Delantero,Barra De Mando,4053,MC,BARRA DE MANDO,,SENDA GOL 86-93,32000,1,,2026-06-30
402,Tren Delantero,Bieletas,1217,VTH,BIELETAS,D/I,FIESTA 2002,15000,1,GRUPO AUTOPARTES,2026-06-30
403,Tren Delantero,Bieletas,41061,TIPER,BIELETAS,D/I,"FOX, GOL TREND",15000,3,GRUPO AUTOPARTES,2026-06-30
404,Tren Delantero,Bieletas,42058,TIPER,BIELETAS,D,IDEA AVENTURE 08,16000,1,GRUPO AUTOPARTES,2026-06-30
405,Tren Delantero,Bieletas,43057,TIPER,BIELETAS,D/I,"ECOSPORT, FIESTA, FIESTA MAX",16000,1,GRUPO AUTOPARTES,2026-06-30
406,Tren Delantero,Bieletas,6040,GAMBINA,BIELETAS,D/I,"CORSA II, MERIVA",15000,1,,2026-06-30
407,Tren Delantero,Bieletas,700025,LEO,BIELETAS,D/I,"PUNTO, LINEA,QUBO, CRONOS",15000,1,GRUPO AUTOPARTES,2026-06-30
408,Tren Delantero,Bieletas,700040,LEO,BIELETAS,D/I,"FOX, GOL TREND",15000,6,GRUPO AUTOPARTES,2026-06-30
409,Tren Delantero,Bieletas,700064,LEO,BIELETAS,D/I,"CORSA II, MERIVA 03",15000,3,GRUPO AUTOPARTES,2026-06-30
410,Tren Delantero,Bieletas,700066,LEO,BIELETAS,I,IDEA 2004 - PALIO WEEKEN,15000,3,GRUPO AUTOPARTES,2026-06-30
411,Tren Delantero,Bieletas,700067,LEO,BIELETAS,D,IDEA 2004 - PALIO WEEKEN,15000,2,GRUPO AUTOPARTES,2026-06-30
412,Tren Delantero,Bieletas,700087,LEO,BIELETAS,D/I,"UNO, NOVO, MOBI, PALIO, GRAN SIENA",15000,2,GRUPO AUTOPARTES,2026-06-30
413,Tren Delantero,Bieletas,700171,LEO,BIELETAS,D/I,"TORO, 500, JEEP",15000,2,GRUPO AUTOPARTES,2026-06-30
414,Tren Delantero,Bieletas,NP4804,NAKATA,BIELETAS,D/I,DUSTER,18000,2,GRUPO AUTOPARTES,2026-06-30
415,Tren Delantero,Brazo De Suspensión,1110,MC,BRAZO DE SUSPENSIÓN,,UNO - DUNA 93,34000,4,,2026-06-30
416,Tren Delantero,Extremo,2005,MC,EXTREMO,D,CHEVY,18000,1,GRUPO AUTOPARTES,2026-06-23
417,Tren Delantero,Extremo,2009,MC,EXTREMO,D/I,MERIVA,20000,3,GRUPO AUTOPARTES,2026-06-23
418,Tren Delantero,Extremo,2023,MC,EXTREMO,D,CORSA 2002,20000,2,GRUPO AUTOPARTES,2026-06-23
419,Tren Delantero,Extremo,2029,MC,EXTREMO,D/I,CORSA - COMBO,18000,2,GRUPO AUTOPARTES,2026-06-23
420,Tren Delantero,Extremo,2034,MC,EXTREMO,I,AVEO,27000,2,GRUPO AUTOPARTES,2026-06-23
421,Tren Delantero,Extremo,2128,MC,EXTREMO,D/I,FIORINO 93,18000,2,GRUPO AUTOPARTES,2026-06-23
422,Tren Delantero,Extremo,2130,MC,EXTREMO,D/I,"UNO, DUNA 93",19000,2,GRUPO AUTOPARTES,2026-06-23
423,Tren Delantero,Extremo,2138,MC,EXTREMO,I,"LINEA, QUBO",18000,2,GRUPO AUTOPARTES,2026-06-23
424,Tren Delantero,Extremo,2204,MC,EXTREMO,D,FALCON 67/70,17000,2,GRUPO AUTOPARTES,2026-06-23
425,Tren Delantero,Extremo,2205,MC,EXTREMO,I,FALCON 67/70,17000,2,GRUPO AUTOPARTES,2026-06-23
426,Tren Delantero,Extremo,2206,MC,EXTREMO,I,FALCON 77,17000,2,GRUPO AUTOPARTES,2026-06-23
427,Tren Delantero,Extremo,2211,MC,EXTREMO,D/I,FALCON 83,18000,2,GRUPO AUTOPARTES,2026-06-23
428,Tren Delantero,Extremo,2216,MC,EXTREMO,D/I,F 100 10/85-92 66-85,20000,1,GRUPO AUTOPARTES,2026-06-23
429,Tren Delantero,Extremo,2248,MC,EXTREMO,I,ESCORT 96,18000,2,GRUPO AUTOPARTES,2026-06-23
430,Tren Delantero,Extremo,2259,MC,EXTREMO,D,ECOSPORT,20000,1,GRUPO AUTOPARTES,2026-06-23
431,Tren Delantero,Extremo,2260,MC,EXTREMO,I,ECOSPORT,20000,1,GRUPO AUTOPARTES,2026-06-23
432,Tren Delantero,Extremo,2265,MC,EXTREMO,D,FIESTA KINETIC,22000,1,GRUPO AUTOPARTES,2026-06-23
433,Tren Delantero,Extremo,2266,MC,EXTREMO,I,FIESTA KINETIC,22000,3,GRUPO AUTOPARTES,2026-06-23
434,Tren Delantero,Extremo,2397,MC,EXTREMO,D,12,20000,1,,2026-06-23
435,Tren Delantero,Extremo,2398,MC,EXTREMO,I,12,20000,1,,2026-06-23
436,Tren Delantero,Extremo,2399,MC,EXTREMO,D/I,"5, 9, 11, 18",14000,2,GRUPO AUTOPARTES,2026-06-23
437,Tren Delantero,Extremo,2410,MC,EXTREMO,D,CLIO,19000,2,GRUPO AUTOPARTES,2026-06-23
438,Tren Delantero,Extremo,2416,MC,EXTREMO,D,KANGOO,20000,1,GRUPO AUTOPARTES,2026-06-23
439,Tren Delantero,Extremo,2417,MC,EXTREMO,I,KANGOO,20000,2,GRUPO AUTOPARTES,2026-06-23
440,Tren Delantero,Extremo,2422,MC,EXTREMO,D,LOGAN,27000,2,GRUPO AUTOPARTES,2026-06-23
441,Tren Delantero,Extremo,2423,MC,EXTREMO,I,LOGAN,27000,2,GRUPO AUTOPARTES,2026-06-23
442,Tren Delantero,Extremo,2452,MC,EXTREMO,D/I,"GOL, SENDA, GACEL",14000,4,MERCADO LIBRE,2026-06-23
443,Tren Delantero,Extremo,2462,MC,EXTREMO,I,BORA,20000,1,MERCADO LIBRE,2026-06-23
444,Tren Delantero,Extremo,2465,MC,EXTREMO,D/I,GOL HEMBRA,20000,5,,2026-06-23
445,Tren Delantero,Extremo,2470,MC,EXTREMO,D,"FOX, GOL TREND",20000,1,GRUPO AUTOPARTES,2026-06-23
446,Tren Delantero,Extremo,2471,MC,EXTREMO,I,"FOX, GOL TREND",20000,1,GRUPO AUTOPARTES,2026-06-23
447,Tren Delantero,Extremo,42061,TIPER,EXTREMO,I,"PALIO, LINEA",16000,1,GRUPO AUTOPARTES,2026-06-23
448,Tren Delantero,Extremo,46020,TIPER,EXTREMO,D/I,"CORSA II, AGILE 09, MERIVA",16000,1,GRUPO AUTOPARTES,2026-06-23
449,Tren Delantero,Extremo,46046,TIPER,EXTREMO,D,AVEO 07,20000,1,GRUPO AUTOPARTES,2026-06-23
450,Tren Delantero,Extremo,BE2491,THOMSON,EXTREMO,,F100,110000,1,,2026-06-23
451,Tren Delantero,Extremo,N99200,NAKATA,EXTREMO,D,DUSTER,29000,1,GRUPO AUTOPARTES,2026-06-23
452,Tren Delantero,Extremo,N99201,NAKATA,EXTREMO,I,DUSTER,29000,1,GRUPO AUTOPARTES,2026-06-23
453,Tren Delantero,Parrilla,PS548000,MONROE,PARRILLA,D/I,GOL,38000,2,,2026-06-30
454,Tren Delantero,Rotula,1016,MC,ROTULA,D/I,CORSA - COMBO,22000,2,GRUPO AUTOPARTES,2026-06-18
455,Tren Delantero,Rotula,1026,MC,ROTULA,D/I,AZTRA - VECTRA - ZAFIRA,19000,1,GRUPO AUTOPARTES,2026-06-18
456,Tren Delantero,Rotula,1027,MC,ROTULA,D/I,CORSA II,19000,2,GRUPO AUTOPARTES,2026-06-18
457,Tren Delantero,Rotula,1028,MC,ROTULA,D/I,MERIVA,19000,4,GRUPO AUTOPARTES,2026-06-18
458,Tren Delantero,Rotula,1029,MC,ROTULA,D/I,"CLASSIC, CELTA, FUN",22000,2,GRUPO AUTOPARTES,2026-06-18
459,Tren Delantero,Rotula,1031,MC,ROTULA,D/I,AGILE,27000,4,GRUPO AUTOPARTES,2026-06-18
460,Tren Delantero,Rotula,1109,MC,ROTULA,D/I,UNO - DUNA,17000,1,GRUPO AUTOPARTES,2026-06-18
461,Tren Delantero,Rotula,1121,MC,ROTULA,D/I,PALIO - SIENA,19000,2,GRUPO AUTOPARTES,2026-06-18
462,Tren Delantero,Rotula,1127,MC,ROTULA,D,IDEA,22000,5,GRUPO AUTOPARTES,2026-06-18
463,Tren Delantero,Rotula,1128,MC,ROTULA,I,IDEA,22000,2,GRUPO AUTOPARTES,2026-06-18
464,Tren Delantero,Rotula,1233,MC,ROTULA,D/I,ECOSPORT 03,22000,2,GRUPO AUTOPARTES,2026-06-18
465,Tren Delantero,Rotula,1235,MC,ROTULA,D/I,FIESTA KINETIC 09,17000,1,,2026-06-18
466,Tren Delantero,Rotula,1395,MC,ROTULA,D/I,12 - DACIA,16000,2,GRUPO AUTOPARTES,2026-06-18
467,Tren Delantero,Rotula,1399,MC,ROTULA,D/I,2011-09-05 00:00:00,18000,1,GRUPO AUTOPARTES,2026-06-18
468,Tren Delantero,Rotula,1459,MC,ROTULA,D,SENDA,19000,2,GRUPO AUTOPARTES,2026-06-23
469,Tren Delantero,Rotula,1460,MC,ROTULA,I,SENDA,19000,1,GRUPO AUTOPARTES,2026-06-18
470,Tren Delantero,Rotula,1468,MC,ROTULA,D/I,GOL97,19000,2,GRUPO AUTOPARTES,2026-06-18
471,Tren Delantero,Rotula,1469,MC,ROTULA,D,GOL 97 DP,19000,2,,2026-06-23
472,Tren Delantero,Rotula,1470,MC,ROTULA,I,GOL 97 DP,19000,2,,2026-06-23
473,Tren Delantero,Rotula,1479,MC,ROTULA,D,CROSS FOX,23000,1,GRUPO AUTOPARTES,2026-06-18
474,Tren Delantero,Rotula,1481,MC,ROTULA,D,GOL TREND,24000,2,GRUPO AUTOPARTES,2026-06-18
475,Tren Delantero,Rotula,1482,MC,ROTULA,I,GOL TREND,24000,3,GRUPO AUTOPARTES,2026-06-18
476,Tren Delantero,Rotula,41064,TIPER,ROTULA,D,SENDA - GOL 97,18000,0,GRUPO AUTOPARTES,2026-06-18
477,Tren Delantero,Rotula,41065,TIPER,ROTULA,I,SENDA - GOL 97,18000,1,GRUPO AUTOPARTES,2026-06-18
478,Tren Delantero,Rotula,42046,TIPER,ROTULA,D/I,PALIO - SIENA 03,17000,2,GRUPO AUTOPARTES,2026-06-18
479,Tren Delantero,Rotula,42069,TIPER,ROTULA,I,IDEA AVENTURE 07,22000,5,GRUPO AUTOPARTES,2026-06-18
480,Tren Delantero,Rotula,42070,TIPER,ROTULA,D,IDEA AVENTURE 07,22000,2,GRUPO AUTOPARTES,2026-06-18
481,Tren Delantero,Rotula,43090,TIPER,ROTULA,D/I,FIESTA KINETIC 09,17000,2,GRUPO AUTOPARTES,2026-06-18
482,Tren Delantero,Rotula,44097,TIPER,ROTULA,D/I,DUSTER,26000,1,GRUPO AUTOPARTES,2026-06-18
483,Tren Delantero,Rotula,N1032,NAKATA,ROTULA,D,GACEL,26000,1,GRUPO AUTOPARTES,2026-06-23
