id,categoria,codigo,marca,descripcion,precio,stock,proveedor,fecha_actualizacion
1,Correas Poly V,3PK715,SKF,"RENAULT CLIO, R19",5000,1,GRUPO AUTOPARTES,2026-05-27
2,Correas Poly V,3PK719,SKF,"FIAT PUNTO 1.7, PALIO 1.7",5000,1,GRUPO AUTOPARTES,2026-05-19
3,Correas Poly V,3PK750,SKF,"HONDA CIVIC, CLIO II",5000,2,GRUPO AUTOPARTES,2026-06-29
4,Correas Poly V,3PK796,SKF,"VW FOX, SURAN, GOL TREND",9500,6,GRUPO AUTOPARTES,2026-05-19
5,Correas Poly V,3PK796EE,SKF,"VW FOX, GOL",15000,1,GRUPO AUTOPARTES,2026-07-01
6,Correas Poly V,3PK830,SKF,RENAULT CLIO,6000,4,GRUPO AUTOPARTES,2026-05-19
7,Correas Poly V,3PK890,SKF,"CHEV PRISMA, ONIX",7500,5,GRUPO AUTOPARTES,2026-05-19
8,Correas Poly V,3PK905,SKF,"FIAT PUNTO 1.4, IDEA, PALIO",4500,6,GRUPO AUTOPARTES,2026-05-19
9,Correas Poly V,3PK938,SKF,"PEUGEOT BOXER, FIAT PUNTO",7500,1,GRUPO AUTOPARTES,2026-05-19
10,Correas Poly V,4PK1005,SKF,NISSAN,10000,1,GRUPO AUTOPARTES,2026-05-19
11,Correas Poly V,4PK1022,SKF,"FIAT, PALIO, SIENA, STRADA",9000,2,GRUPO AUTOPARTES,2026-05-19
12,Correas Poly V,4PK1070,SKF,"RENAULT CLIO 1.2, HONDA",9500,1,GRUPO AUTOPARTES,2026-05-19
13,Correas Poly V,4PK1538,SKF,"PEUGEOT 206, RENAULT CLIO II",10500,2,GRUPO AUTOPARTES,2026-07-01
14,Correas Poly V,4PK855,SKF,"PEUOGEOT PARNET, 306",7000,1,GRUPO AUTOPARTES,2026-05-19
15,Correas Poly V,4PK907,SKF,"FIAT PALIO, SIENA, PALIO AVENTURE",9000,1,GRUPO AUTOPARTES,2026-05-19
16,Correas Poly V,4PK955,SKF,CITROEN BX,6500,1,GRUPO AUTOPARTES,2026-05-19
17,Correas Poly V,5PK1030,DAYCO,"CHEV PRISMA, ONIX",10000,2,GRUPO AUTOPARTES,2026-05-27
18,Correas Poly V,5PK1135,SKF,,12000,1,GRUPO AUTOPARTES,2026-05-19
19,Correas Poly V,5PK1137,SKF,"RENAULT MEGANE, KANGOO",11500,2,GRUPO AUTOPARTES,2026-05-19
20,Correas Poly V,5PK1152,SKF,FIAT DOBLO,13500,0,GRUPO AUTOPARTES,2026-05-19
21,Correas Poly V,5PK1165,SKF,"RENAULT R9, R11",10000,2,GRUPO AUTOPARTES,2026-05-19
22,Correas Poly V,5PK1170,SKF,"FIAT MOBI, IDEA 1.4, PALIO 1.4",11000,2,GRUPO AUTOPARTES,2026-05-19
23,Correas Poly V,5PK1173,SKF,,12500,1,GRUPO AUTOPARTES,2026-05-19
24,Correas Poly V,5PK1190,SKF,,9500,2,GRUPO AUTOPARTES,2026-05-19
25,Correas Poly V,5PK1195,DAYCO,,10000,1,,2026-06-12
26,Correas Poly V,5PK1700,DAYCO,UNIVERSAL,18000,1,GRUPO AUTOPARTES,2026-05-27
27,Correas Poly V,5PK1750,SKF,"RENAULT CLIO, MEGANE, KANGOO",12000,2,GRUPO AUTOPARTES,2026-05-19
28,Correas Poly V,5PK1755,DAYCO,RENAULT KANGOO,12000,1,GRUPO AUTOPARTES,2026-05-27
29,Correas Poly V,5PK1795,SKF,"CHEV CORSA, NISSAN",14500,1,GRUPO AUTOPARTES,2026-05-19
30,Correas Poly V,5PK1815,DAYCO,"CHEV MERIVA, MONTANA, SORSA II,FIAT IDEA",13500,1,GRUPO AUTOPARTES,2026-05-27
31,Correas Poly V,6PK1000,SKF,"PEUGEOT 307, RENAULT CLIO",8500,1,GRUPO AUTOPARTES,2026-05-19
32,Correas Poly V,6PK1015,SKF,"PEUGEOT 407, PARNET, FORD RANGER",13500,1,GRUPO AUTOPARTES,2026-05-19
33,Correas Poly V,6PK1029,SKF,,17000,1,GRUPO AUTOPARTES,2026-05-19
34,Correas Poly V,6PK1030EE,SKF,"FORD KA, FIESTA, ECOSPORT",16000,1,GRUPO AUTOPARTES,2026-05-19
35,Correas Poly V,6PK1045,SKF,"PEUGEOT PARNET, 3008, CITROEN BERLINGO",12500,1,GRUPO AUTOPARTES,2026-05-19
36,Correas Poly V,6PK1065,SKF,"VW GOLF, POLO",13500,2,GRUPO AUTOPARTES,2026-05-19
37,Correas Poly V,6PK1070,SKF,"VW GOL 2.0, GOL 1.8, VOYAGE",12500,1,GRUPO AUTOPARTES,2026-05-19
38,Correas Poly V,6PK1080,SKF,"CITROEN ZX, FIAT PALIO",14500,1,GRUPO AUTOPARTES,2026-05-19
39,Correas Poly V,6PK1090,SKF,"VW SUEAN 1.9, PEUGEOT 307, CITROEN C3",14500,1,GRUPO AUTOPARTES,2026-05-19
40,Correas Poly V,6PK1100,SKF,"NISSAN, PEUGEOT 306",12500,1,GRUPO AUTOPARTES,2026-05-19
41,Correas Poly V,6PK1141,SKF,"RENAULT CLIO 2.0, CLIO, VOLVO",11000,2,GRUPO AUTOPARTES,2026-05-19
42,Correas Poly V,6PK1152,SKF,"PEUGEOT 206, 306",11000,1,GRUPO AUTOPARTES,2026-05-27
43,Correas Poly V,6PK1165,SKF,"PEUGEOY 406, PARNET",10500,1,GRUPO AUTOPARTES,2026-05-19
44,Correas Poly V,6PK1190,SKF,RENAULT KANGOO,13000,1,GRUPO AUTOPARTES,2026-05-19
45,Correas Poly V,6PK1200,SKF,"PEUGEOT 406, 307, 206, RENAULT CLIO",10000,7,GRUPO AUTOPARTES,2026-05-19
46,Correas Poly V,6PK1200EE,SKF,"GOL 1.6, POLO, SAVEIRO, FOX, CROSFOX",17500,2,GRUPO AUTOPARTES,2026-05-19
47,Correas Poly V,6PK1365,SKF,IVECO DAYLI,17000,1,GRUPO AUTOPARTES,2026-05-19
48,Correas Poly V,6PK1388,SKF,"PEUGEOT RANCH,PARNET, 206, 306",15500,1,GRUPO AUTOPARTES,2026-05-19
49,Correas Poly V,6PK1390,SKF,CITROEN BERLINGO,14500,1,GRUPO AUTOPARTES,2026-05-19
50,Correas Poly V,6PK1400,SKF,"RENAULT CLIO, KANGOO, VW GOL 1.9",13500,1,GRUPO AUTOPARTES,2026-05-19
51,Correas Poly V,6PK1420,DAYCO,"RANULT LAGUNA, FORD TRANSIT, ECOSPORT",18000,1,GRUPO AUTOPARTES,2026-07-01
52,Correas Poly V,6PK1435,SKF,"PEUGEOT RANCH, EXPERT, PARNET, 306",16000,2,GRUPO AUTOPARTES,2026-07-06
53,Correas Poly V,6PK1500,SKF,"RENAULT CLIO, VW CARAT",18500,3,GRUPO AUTOPARTES,2026-05-19
54,Correas Poly V,6PK1515,SKF,CHEV SILVERADO,18500,1,GRUPO AUTOPARTES,2026-05-19
55,Correas Poly V,6PK1555,SKF,"VW AMAROK 2.0, RENSULT CLIO, R19",13500,1,GRUPO AUTOPARTES,2026-05-19
56,Correas Poly V,6PK1560,SKF,"VW AMAROK, CHEV CRUZE, SONIC",15000,1,GRUPO AUTOPARTES,2026-05-19
57,Correas Poly V,6PK1580,SKF,"VW GOL 1.9, COUNTRY, SAVEIRO",16500,2,GRUPO AUTOPARTES,2026-05-19
58,Correas Poly V,6PK1600,SKF,"PEUGEOT 806, 406, 306",19500,1,GRUPO AUTOPARTES,2026-05-19
59,Correas Poly V,6PK1625,SKF,"FORD ECOSPORT, F100, FORD FIESTA",19500,1,GRUPO AUTOPARTES,2026-05-19
60,Correas Poly V,6PK1680,SKF,RENAULT SANDERO,13500,1,GRUPO AUTOPARTES,2026-05-19
61,Correas Poly V,6PK1700,SKF,"PEUGEOT PARNET, 206, 306, 405 CHEV ASTRA",13000,1,GRUPO AUTOPARTES,2026-05-19
62,Correas Poly V,6PK1710,SKF,"PEUGEOT PARNET, CITROEN BERLINGO",18000,2,GRUPO AUTOPARTES,2026-05-19
63,Correas Poly V,6PK1715,SKF,"PEUGEOT PARNET, CITROEN C3, BERLINGO",19000,1,GRUPO AUTOPARTES,2026-05-19
64,Correas Poly V,6PK1750,SKF,"RENAULT LAGUNA,VW PASSAT",18500,3,GRUPO AUTOPARTES,2026-06-29
65,Correas Poly V,6PK1755,SKF,"PEUGEOT 406, PARNET",15000,2,GRUPO AUTOPARTES,2026-07-01
66,Correas Poly V,6PK1760,SKF,"RENAULT LAGUNA,VW PASSAT",18500,2,GRUPO AUTOPARTES,2026-05-19
67,Correas Poly V,6PK1780,SKF,"CHEV CELTA, PRISMA",17500,4,GRUPO AUTOPARTES,2026-05-19
68,Correas Poly V,6PK1790,SKF,VW GOL POWER,16500,1,GRUPO AUTOPARTES,2026-05-19
69,Correas Poly V,6PK1795,SKF,"CHEV CORSA, NISSAN",14500,4,GRUPO AUTOPARTES,2026-05-19
70,Correas Poly V,6PK1815,DAYCO,"FIAT PUNTO, PALIO, SIENA, STRADA",18500,1,GRUPO AUTOPARTES,2026-05-27
71,Correas Poly V,6PK1820,DAYCO,"RENAULT, DUGTER, LOGAN, SANDERO",19500,1,GRUPO AUTOPARTES,2026-05-27
72,Correas Poly V,6PK1822,SKF,RENAULT  LOGAN,27000,3,GRUPO AUTOPARTES,2026-05-19
73,Correas Poly V,6PK1830,SKF,MITSHUBISI,19500,1,GRUPO AUTOPARTES,2026-05-19
74,Correas Poly V,6PK1875,DAYCO,CHEV AVEO S10,15500,1,GRUPO AUTOPARTES,2026-05-27
75,Correas Poly V,6PK1900,SKF,"CHEV ASTRA, VECTRA",21500,2,GRUPO AUTOPARTES,2026-05-19
76,Correas Poly V,6PK1975,SKF,"CHEV ASTRA, FORD MONDEO",22500,1,GRUPO AUTOPARTES,2026-05-19
77,Correas Poly V,6PK2010,SKF,,17000,1,GRUPO AUTOPARTES,2026-05-19
78,Correas Poly V,6PK2225,SKF,FORD RANGER,21000,1,GRUPO AUTOPARTES,2026-05-27
79,Correas Poly V,6PK2234,SKF,"VW GOL 1.6, SAVEIRO 1.6",20500,2,GRUPO AUTOPARTES,2026-05-19
80,Correas Poly V,6PK2240,SKF,VW GOL 1.9,17500,5,GRUPO AUTOPARTES,2026-05-19
81,Correas Poly V,6PK2250,SKF,NISSAN,23000,2,GRUPO AUTOPARTES,2026-05-19
82,Correas Poly V,6PK2263,SKF,"VW GOL 2.0, CHEV VECTRA",23000,1,GRUPO AUTOPARTES,2026-05-19
83,Correas Poly V,6PK2345,SKF,FORD RANGER,26000,1,GRUPO AUTOPARTES,2026-05-19
84,Correas Poly V,6PK706,SKF,PEUGEOT BOXER,11000,1,GRUPO AUTOPARTES,2026-05-19
85,Correas Poly V,6PK725EE,DAYCO,"VW FOX, GOL",18000,1,GRUPO AUTOPARTES,2026-05-27
86,Correas Poly V,6PK762EE,DAYCO,"VW FOX, GOL",18000,1,GRUPO AUTOPARTES,2026-05-27
87,Correas Poly V,6PK900,SKF,"RENAULT CLIO 1.9, VW GOLF 2.0",10500,1,GRUPO AUTOPARTES,2026-05-19
88,Correas Poly V,6PK923,SKF,PEUGEOT EXPERT,10000,1,GRUPO AUTOPARTES,2026-05-19
89,Correas Poly V,6PK989,SKF,"VW GOL 1.6, GOLF1,6, POLO 1.6",12500,3,GRUPO AUTOPARTES,2026-05-19
90,Correas Poly V,7PK1545,SKF,"FORD F150,F100",22000,1,GRUPO AUTOPARTES,2026-05-19
91,Correas Poly V,8PK2205,SKF,"FORD F350,F250,F4000",29000,1,GRUPO AUTOPARTES,2026-05-19
92,Correas Distribucion,085SHDN220HS,SKF,"ECOSPORT, FIESTA, MONDEO",13500,1,,2026-05-20
93,Correas Distribucion,0955SP170H,SKF,"CLIO, 19, MEGEANE",21500,1,,2026-05-27
94,Correas Distribucion,095SP170HS,SKF,"CLIO, 19, MEGEANE",21000,1,,2026-05-20
95,Correas Distribucion,096SP170H,DAYCO,"CLIO, MEGANE, KANGOO",19000,1,,2026-05-27
96,Correas Distribucion,101SP170H,SKF,"206, 306. 205",22000,1,,2026-05-20
97,Correas Distribucion,104SP170H,SKF,"307, PARTNER, 206",22500,1,,2026-05-27
98,Correas Distribucion,108SP170H,SKF,"307, PARTNER, 206. 306",23000,1,,2026-05-20
99,Correas Distribucion,111SP170,DAYCO,CORSA,10000,3,,2026-05-27
100,Correas Distribucion,118SP190,DAYCO,"505, R18, R21",17500,1,,2026-05-27
101,Correas Distribucion,118SX190,SKF,"128, DUNA, UNO, PRISMA",16000,1,,2026-05-20
102,Correas Distribucion,121SX180,SKF,"GACEL, GOL, GOLF",10500,1,,2026-05-20
103,Correas Distribucion,121SX180,DAYCO,"GACEL, GOL, GOLF",10500,7,,2026-05-20
104,Correas Distribucion,129P8SD220H,DAYCO,"PALIO, SIENA, UNO, DOBLO",23500,2,,2026-05-20
105,Correas Distribucion,131SP+254HD,DAYCO,"ORION, ESCORT, FIESTA, MONDEO",34000,1,,2026-05-20
106,Correas Distribucion,134SHPN170HS,SKF,"PALIO, SIENA, UNO",38000,1,,2026-05-20
107,Correas Distribucion,134SP254H2,SKF,"307, PARTNER, 206, BERLINGO",47500,2,,2026-05-27
108,Correas Distribucion,135SHX254,DAYCO,"GACEL, GOL, PASAT",28000,1,,2026-05-20
109,Correas Distribucion,135STP8M190,DAYCO,"FOX, GOL TREND",18500,5,,2026-05-20
110,Correas Distribucion,135STP8M190H,SKF,SURAN,22500,1,,2026-05-27
111,Correas Distribucion,136SP254H,SKF,"406, BOXER, EXPERT",30000,2,,2026-05-27
112,Correas Distribucion,140SP+254H,DAYCO,"PARTNER, 206, 306, COROLLA",37000,1,,2026-05-20
113,Correas Distribucion,140SP+254HD,SKF,"PARTNER, 206, 306",37000,1,,2026-05-20
114,Correas Distribucion,141SP+254H,SKF,"307, PARTNER, 206",49500,1,,2026-05-20
115,Correas Distribucion,146STP8M200H,DAYCO,"ZAFIRA, FRONTERA",26000,1,,2026-05-27
116,Correas Distribucion,169STP8M200H,DAYCO,"ASTRA, VECTRA, CORSA",48500,1,,2026-05-20
117,Kit Distribucion,KTB201,DAYCO,GOL AUDI,38000,0,,2026-05-23
118,Kit Distribucion,KTB466,DAYCO,FIAT FIRE C/AUTOMATICO,50000,1,,2026-05-23
119,Kit Distribucion,KTB806,DAYCO,"FIAT FIRE 1.3/1,4",45000,1,,2026-05-23
120,Kit Distribucion,KTB901,DAYCO,"FIAT IDEA, PALIO 1.8, CORSA II, MERIVA",43000,1,,2026-05-23
121,Kit Distribucion,KTB901,DAYCO,"CORSA, AGILE , CLASSIC1.4",45000,2,,2026-06-01
122,Kit Distribucion,VKMA01107A,SKF,VW,60000,0,,2026-05-23
123,Kit Distribucion,VKMA06134A,SKF,RENAULT MOTOR K9K,109000,1,,2026-05-23
124,Kit Distribucion,VKMC01107A,DAYCO,VW GOL TREN KIT + BOMBA DE AGUA,90000,1,,2026-05-23
125,Pastilla de Freno,3012M,MAZFREN,FIAT 128 (1100),9000,2,,2026-06-25
126,Pastilla de Freno,3013M,MAZFREN,R12,10000,1,,2026-06-25
127,Pastilla de Freno,3023M,MAZFREN,"VW GACEL, SENDA, SAVEIRO, GOL",13000,1,,2026-06-25
128,Pastilla de Freno,3028M,MAZFREN,"VW PASSAT, SENDA, GOL DIESEL",12000,2,,2026-06-25
129,Pastilla de Freno,3031M,MAZFREN,"R 11, 9, 19, CLIO, EXPRES",13000,1,,2026-06-25
130,Pastilla de Freno,3034M,MAZFREN,"PICK UP FORD F100, F150",16000,1,,2026-06-25
131,Pastilla de Freno,3038M,MAZFREN,"CHEV CORSA 97, VW GOL 97",10000,2,,2026-06-25
132,Pastilla de Freno,3055M,MAZFREN,"R 19, EXPRES, LOGAN, SANDERO, SYMBOL 09",13000,1,,2026-06-25
133,Pastilla de Freno,3068M,MAZFREN,"CHEV CORSA, SUZUKI FUN",14000,2,,2026-06-25
134,Pastilla de Freno,3092M,MAZFREN,FORD RANGER,19000,1,,2026-06-25
135,Pastilla de Freno,3093M,MAZFREN,"FORD FIESTA¨97, KA ¨97",14000,1,,2026-06-25
136,Pastilla de Freno,3100M,MAZFREN,RENAULT KANGOO,12000,1,,2026-06-28
137,Pastilla de Freno,3106M,MAZFREN,"RENAULT 9, CLIO, MEGANE (trasera)",13000,1,,2026-06-25
138,Pastilla de Freno,3117M,MAZFREN,"VW BORA, GOLF, FOX, SURAN, NUEVO POLO",21000,1,,2026-06-25
139,Pastilla de Freno,3118M,MAZFREN,"VW BORA, FOX, GOLF",21000,1,,2026-06-25
140,Pastilla de Freno,3137M,MAZFREN,TOYOTA HILUX,22000,1,,2026-06-25
141,Pastilla de Freno,3146M,MAZFREN,CHEV AVEO,16000,1,,2026-06-25
142,Pastilla de Freno,3166M,MAZFREN,"CHEV CORSA II, 1.0 1.6 02",18000,1,,2026-06-25
143,Pastilla de Freno,3167M,MAZFREN,CHEV MERIVA ¨03,20000,2,,2026-06-25
144,Pastilla de Freno,3169M,MAZFREN,CITROEN C3 (disc vent),19000,2,,2026-06-25
145,Pastilla de Freno,3174M,MAZFREN,"FIAT IDEA ¨05, STRADA¨99, PALIO",15000,1,,2026-06-25
146,Pastilla de Freno,3178M,MAZFREN,"FIAT STILO¨02, IDEA¨4, SIENA¨02",20000,1,,2026-06-25
147,Pastilla de Freno,3201M,MAZFREN,VW AMAROK,24000,1,,2026-06-25
148,Pastilla de Freno,3205M,MAZFREN,"CHEV CORSA WAGON, CLASICC, AGILE",14000,1,,2026-06-25
149,Pastilla de Freno,3210M,MAZFREN,CHEV MERIVA 1.6,18000,2,,2026-06-25
150,Pastilla de Freno,3212M,MAZFREN,"FIAT PALIO, SIENA 09",15000,1,,2026-06-25
151,Pastilla de Freno,3215M,MAZFREN,VW GOL TREND,21000,1,,2026-06-25
152,Pastilla de Freno,3221M,MAZFREN,"PEUGEOT 308,408,3008",22000,1,,2026-06-25
153,Pastilla de Freno,3224M,MAZFREN,RENAULT DUSTER,18000,2,,2026-06-25
154,Pastilla de Freno,3225M,MAZFREN,"VW VENTO, GOLF GTI",17000,1,,2026-06-25
155,Pastilla de Freno,3228M,MAZFREN,FORD RANGER ¨12,25000,4,,2026-06-25
156,Pastilla de Freno,3229M,MAZFREN,FORD FIESTA KINETIC,15000,1,,2026-06-25
157,Pastilla de Freno,3236M,MAZFREN,"FORD FIESTA, KA",16000,1,,2026-06-25
158,Pastilla de Freno,3238M,MAZFREN,FORD FOCUS ¨09 (trasera),25000,1,,2026-06-25
159,Pastilla de Freno,3244M,MAZFREN,"RENAULT LOGAN 13, (araña chica)",17000,1,,2026-06-25
160,Pastilla de Freno,3245M,MAZFREN,RENAULT LOGAN  ¨13 (araña grande),17000,3,,2026-06-25
161,Pastilla de Freno,3250M,MAZFREN,TOYOTA COROLLA (autom - trasera),13000,1,,2026-06-25
162,Pastilla de Freno,3260M,MAZFREN,"FIAT IDEA 07, PUNTO 07, STRADA 07",15000,1,,2026-06-25
163,Cables Bujias,06-1785,FERRAZI,R 9. 11. 12 .19  1.5 1.6,14000,1,,2026-05-20
164,Cables Bujias,06-33015,FERRAZI,R 9 11 BOBINA SECA,15000,1,,2026-05-20
165,Cables Bujias,1029,PRESTOILITE,R12,24000,1,,2026-05-20
166,Cables Bujias,1035,PRESTOILITE,"CLIO RT 1.6 R19, 1.6 DESDE 1993",24000,1,,2026-06-23
167,Cables Bujias,1036,PRESTOILITE,R19 GTS,24000,1,,2026-05-20
168,Cables Bujias,1050,PRESTOLITE,"DUNO, UNO 1.4 1.6 TIPO",24000,2,,2026-06-01
169,Cables Bujias,CD857,CHEFREN,GACEL 1.6 1.8,15000,1,,2026-05-20
170,Cables Bujias,CD858,CHEFREN,VW DOUGE,15000,1,,2026-05-20
171,Cables Bujias,CF806,CHEFREN,600,14000,1,,2026-05-20
172,Cables Bujias,CF811,CHEFREN,"REGATAS, 128, 147",14000,1,,2026-05-20
173,Cables Bujias,CV0180094,MAHLE,CLIO 1.6. R19  1.6,19000,1,,2026-05-20
174,Cables Bujias,CV0250002,MAHLE,"MERIVA, CORSA 1.4 1.6 , PRISMA",20000,6,,2026-05-20
175,Cables Bujias,CV0250003,MAHLE,"PUNTO. UNO 1.3, STRADA 1.4 FIRE",16000,3,,2026-05-20
176,Cables Bujias,CV0590006,MAHLE,"GACEL 1.6 1.8, SENDA 1.6 1.8, SAVEIRO 1.6 1.8, GOL 2.0 1.8 1.6",25000,1,,2026-05-20
177,Cables Bujias,CV0590049,MAHLE,"FOCUS 1.6 ZETEC, ECOSPORTE ZETEC ROCAM",26000,1,,2026-05-20
178,Cables Bujias,CV0700001,MAHLE,"GOL 1.4, GOLF 1.6, POLO 1.6, SAVEIRO 1.6, FOX 1.6",24000,4,,2026-05-20
179,Cables Bujias,CV0700009,MAHLE,"GOL 1.6 1.8, COUNTRY 1.6 2.0, SAVEIRO 1.6, 1.8, 2.0",30000,3,,2026-06-22
180,Cables Bujias,F00099C143,BOSCH,"PALIO. SIENA, PUNTO, STRADA 1.6 16V ETORQ",35000,2,,2026-05-20
181,Cables Bujias,F00099C512,BOSCH,"DUNO, UNO, 147  1.4 1.6 TIPO",18000,3,,2026-05-20
182,Cables Bujias,F00099C517,BOSCH,R 19 1.6 8V,18000,0,,2026-05-20
183,Cables Bujias,F00099C553,BOSCH,FOCUS 2.0 16V ZETEC,20000,1,,2026-05-20
184,Cables Bujias,HESCG73,HELLUX,"CORSA, AGILE, MERIVA",20000,1,,2026-05-20
185,Cables Bujias,NCG76,TAILLOT,"ASTRA, VECTRA, ZAFIRA",18000,1,,2026-05-20
186,Cables Bujias,NFT09PIN,TAILLOT,PALIO. SIENA 1.0 1.6 FIRE,18000,5,,2026-05-20
187,Cables Bujias,NWV02,TAILLOT,"GOL, VOYAGE, SAVEIRO",18000,2,,2026-05-20
188,Cables Bujias,NWV28,TAILLOT,BORA,22000,2,,2026-05-20
189,Cables Bujias,SC-F01,NGK,"KA,ENDURA1.3i",36000,1,,2026-05-20
190,Cables Bujias,SC-F02,NGK,"KA, FOCUS, FIESTA, ECOSPORT",38000,1,,2026-05-20
191,Cables Bujias,SC-G03,NGK,AVEO,80000,1,,2026-05-20
192,Cables Bujias,SC-G76,NGK,"ZAFIRA, ASTRA, VECTRA 2.0 MPFi",50000,2,,2026-05-20
193,Cables Bujias,SC-R16,NGK,RENAULT/NISSAN CLIO 1.2,50000,1,,2026-05-20
194,Cables Bujias,SC-T06,NGK,"PALIO, SIENA, FIRE 1.3 8V",33000,1,,2026-05-20
195,Cables Bujias,SC-T64,NGK,"UNO NUEVO, 1.4 EVO 8V",45000,1,,2026-05-20
196,Cables Bujias,SC-T67,NGK,"PALIO. SIENA, IDEA 1.6 ETORQ",45000,1,,2026-05-20
197,Cables Bujias,ST-V02,NGK,"ECOSPORT, GOL, GACEL, COUNTRY, SENDA, SAVEIRO",40000,1,,2026-05-20
198,Cables Bujias,TR831,TAILLOT,R 12. 18. TRAFIC,15000,1,,2026-05-20
199,Homocineticas,003,DAUGER,R12,35000,1,,2026-05-21
200,Homocineticas,005,DAUGER,R 11 R9,36000,1,,2026-05-21
201,Homocineticas,091,DAUGER,VECTRA / MONZA,48000,1,,2026-05-21
202,Homocineticas,102,DAUGER,TRAFIC,65000,1,,2026-05-21
203,Homocineticas,160,DAUGER,IDEA FIRE,48000,1,,2026-05-22
204,Homocineticas,165,DAUGER,PUNTO,60000,1,,2026-05-21
205,Homocineticas,2JH0262,CORVEN,CORSA II. MERIVA,30000,1,,2026-05-21
206,Homocineticas,5014/363,GENNOR,WEEKEN,24000,1,,2026-05-21
207,Homocineticas,5015/364,GENNOR,WEEKEN,24000,1,,2026-05-21
208,Homocineticas,CJ0111H,SADAR,"DUNA, UNO, FIORINO, 128, 147, REGATAS",25000,1,,2026-07-06
209,Homocineticas,CJ0144H,SADAR,"9, 11, 11 TURBO",25000,2,,2026-07-06
210,Homocineticas,CJ0161H,SADAR,"GOL, SENDA, GACEL, SAVEIRO",25000,1,,2026-05-21
211,Homocineticas,HM925A,ROLL,12 5TA,24000,1,,2026-05-21
212,Homocineticas,JHR-00013,DAUGER,"FIAT 147, 128, DUNA, REGATA, SPAZIO, UNO",32500,1,,2026-05-23
213,Homocineticas,NJH2-2323,NAKATA,"KANGOO, CLIO, MEGANE",70000,1,,2026-05-23
214,Homocineticas,VKJA2140A,SKF,"GOL, POLO, SAVEIRO, SENDA",33000,2,,2026-05-21
215,Homocineticas,VKJA2163A,SKF,"GOL TREND, FOX, SURAN",50000,0,,2026-05-21
216,Homocineticas,VKJA2210A,SKF,"128, 147, DUNA, FIORINO, SPAZIO, UNO",35500,1,,2026-05-21
217,Homocineticas,VKJA2530A,SKF,"AGILE, CLASICC, CORSA, PRISMA, ASTRA",34500,2,,2026-05-23
218,Homocineticas,VKJA2610A,SKF,R 12,47000,2,,2026-05-21
219,Homocineticas,VKJA2611A,SKF,R 12,41000,1,,2026-05-21
220,Bombas de Agua,BA 434,VMG,"CLIO, MEGANE 1.6 16 V",33000,1,,2026-05-23
221,Bombas de Agua,BA1076,VMG,"GOL, GACEL, SENDA 1.6 1.8 2.0 FORD",23500,1,,2026-05-23
222,Bombas de Agua,BA419,VMG,"FIESTA 1.6 8V, KA 1.0 1.6 8V",27500,1,,2026-05-23
223,Bombas de Agua,BA4422,VMG,"FIAT 1.4i 8v, 1.3i 8v",27000,1,,2026-05-23
224,Bombas de Agua,E202762/1,EUGA,"GOLF 1.6, GOL 1.6, POLO 1.0 TDI",24000,1,,2026-05-23
225,Bombas de Agua,HD2707,HELIODINO,505 MOTOR 2000,47000,1,,2026-05-23
226,Bombas de Agua,HD2810,HELIODINO,"ASTRA VECTRA 2,0",42000,1,,2026-05-23
227,Bombas de Agua,VKPC81210A,SKF,GOL 1000MI 8V 95 POLO 1.4 1.6,33000,2,,2026-05-23
228,Rodamientos,110487,NBC,"R DEL, AGILE, ASTRA, CELTA, CLASSIC, CORSA",14000,1,,2026-07-06
229,Rodamientos,12G-88128TN9/GJN,SKF,R TRAS F100,48000,2,CENTRO DE RODAMIENTO,2026-05-25
230,Rodamientos,30204,KZ,R TRAS R12,2500,5,CENTRO DE RODAMIENTO,2026-05-25
231,Rodamientos,30205,KZ,R TRAS INT R12,2500,4,CENTRO DE RODAMIENTO,2026-05-25
232,Rodamientos,309726-BAH-0092,CRD,"R DEL AVEO, SONIC, VECTRA",12000,3,CENTRO DE RODAMIENTO,2026-05-25
233,Rodamientos,329013,FMB,"R  TRASERA FORD ESCOPORT, FIESTA",3500,9,CENTRO DE RODAMIENTO,2026-05-25
234,Rodamientos,6202-2RSH/C3,SKF,RODAMIENTO ALTERNADOR,4000,2,CENTRO DE RODAMIENTO,2026-05-25
235,Rodamientos,6202-2RSH/C3,ZNL,RODAMIENTO ALTERNADOR,2500,10,CENTRO DE RODAMIENTO,2026-05-25
236,Rodamientos,6203-2RSH/C3,SKF,RODAMIENTO ALTERNADOR,4000,3,CENTRO DE RODAMIENTO,2026-05-25
237,Rodamientos,62032RSC3,KZ,"ROD ALTERNADOR R12,  R11",2500,2,CENTRO DE RODAMIENTO,2026-05-25
238,Rodamientos,6207NVP,ZNL,R DEL R12,9000,3,CENTRO DE RODAMIENTO,2026-05-25
239,Rodamientos,800179 B=800172,CRD,KIT ROD RUEDA TRASERA C/ABS  MAZA,63000,1,MERCADO LIBRE,2026-05-25
240,Rodamientos,803775,CRD,"R DEL CORSA, ASTRA, CORSA 2, MERIVA",12500,7,CENTRO DE RODAMIENTO,2026-06-01
241,Rodamientos,88128/R,CRD,R TRAS F100,8500,1,CENTRO DE RODAMIENTO,2026-05-25
242,Rodamientos,88128C/S,CRD,R TRAS F100,8500,1,CENTRO DE RODAMIENTO,2026-05-25
243,Rodamientos,ACRR02M,CILBRAKE,RUEDA DEL CHEV / SUZUKI,12000,1,CENTRO DE RODAMIENTO,2026-05-25
244,Rodamientos,ANB12,NBC,R DEL R12,9000,8,CENTRO DE RODAMIENTO,2026-05-25
245,Rodamientos,BA2B-633265,CRD,"R TRAS + MAZA 128, 147, FIORINO, PALIO, UNO",27000,3,CENTRO DE RODAMIENTO,2026-05-25
246,Rodamientos,BAH-0015=633676,CRD,"R DEL GRAN SIENA, PALIO, PUNTO, UNO",13000,1,CENTRO DE RODAMIENTO,2026-05-25
247,Rodamientos,BAH-0036,CRD,R DEL ASTRA,15000,1,CENTRO DE RODAMIENTO,2026-06-11
248,Rodamientos,BAH-0053 ADX,CRD,"RUEDA DEL FIORINO, IDEA, LINEA, PUNTO, QUBO, STILO CON ABS",20000,1,,2026-07-06
249,Rodamientos,BAH-0055 AAX,CRD,"CRONOS, GRAN SIENA, IDEA, LINEA, PALIO, STRADA CON ABS",18000,1,,2026-07-06
250,Rodamientos,BAH-0064AXX,CRD,"R DEL GRAN SIENA, MOBI, PALIO, STILO, UNO CON ABS",15000,3,CENTRO DE RODAMIENTO,2026-05-25
251,Rodamientos,BAH-0094,CRD,"R DEL SIN ABS R9, 19, CLIO, CLIO II, MEGANE, KANGOO",13000,1,CENTRO DE RODAMIENTO,2026-06-01
252,Rodamientos,BAH-0106DX,CRD,"R DEL GOL, VOYAGE, TREND, SAVEIRO",20000,6,CENTRO DE RODAMIENTO,2026-06-11
253,Rodamientos,BAH-0106DX,CRD,"R DEL ECOSPORT, FIESTA, FOCUS, KA  C/ABS",18000,0,CENTRO DE RODAMIENTO,2026-05-25
254,Rodamientos,BAH-0206,SKF,"FORD KA, ECOSPORT",40000,1,,2026-06-01
255,Rodamientos,BAHB-311315,CRD,"R DEL GACEL, GOL, TREND, SAVEIRO, VOYAGE",12000,5,CENTRO DE RODAMIENTO,2026-05-25
256,Rodamientos,BAHB-311396,CRD,"R TRASERA FOX, GACEL, GOL, POLO",13000,11,CENTRO DE RODAMIENTO,2026-05-25
257,Rodamientos,BAHB-633967,CRD,"R DEL UNO, SPAZIO, SIENA, PALIO",11000,10,CENTRO DE RODAMIENTO,2026-05-25
258,Rodamientos,BAHB-636114A,CRD,"R DEL AGILE, ASTRA, VECTRA, CLASSIC",11500,7,CENTRO DE RODAMIENTO,2026-05-25
259,Rodamientos,BTH-1206D,CRD,"R TRAS ECOSPORT, FIESTA, FOCUS, KA",9500,2,CENTRO DE RODAMIENTO,2026-05-25
260,Rodamientos,F-110731,CRD,"R DEL DUNA, FIORINO, PALIO, SIENA, UNO",9000,1,CENTRO DE RODAMIENTO,2026-05-25
261,Rodamientos,F-801191-09,CRD,"MAZA RUEDA TRAS, FOX, CROS, SURAN, GOL, TREND",58000,1,,2026-06-11
262,Rodamientos,F-89628,CRD,ROD VARIOS  DUNA,8000,1,CENTRO DE RODAMIENTO,2026-05-25
263,Rodamientos,F110165-1,CRD,ROD SEMIEJE,9000,4,CENTRO DE RODAMIENTO,2026-05-25
264,Rodamientos,FC-12025,CRD,"R TRAS CLIO, KANGOO,  LOGAN, MEGANE",8500,6,CENTRO DE RODAMIENTO,2026-05-25
265,Rodamientos,FC-12033,CRD,"R DEL R11, 19, 9, CLIO, CLIO II, KANGOO, TWINGO",11500,5,CENTRO DE RODAMIENTO,2026-05-25
266,Rodamientos,FC-40650,CRD,"ROD EJE RUEDA TRA CORSA II, MERIVA",11000,2,CENTRO DE RODAMIENTO,2026-05-25
267,Rodamientos,FC-40650,CRD,"R TRAS CORSA, CORSA II, MONTANA",11000,0,CENTRO DE RODAMIENTO,2026-05-25
268,Rodamientos,FC-896298-1,CRD,"R SEMI EJE  CLIO, 9, 11, 19, 21, KANGOO, MEGANE",9000,2,CENTRO DE RODAMIENTO,2026-05-25
269,Rodamientos,GB-12258,CRD,"R DEL DOBLO, DUNA, FIORINO, IDEA, PALIO",13000,2,CENTRO DE RODAMIENTO,2026-05-25
270,Rodamientos,GB-12258=GB-12807,CRD,"R TRASE R11,  19, 9, CLIO, CLIO II, KANGOO",13000,4,CENTRO DE RODAMIENTO,2026-05-25
271,Rodamientos,JL68145/68111Z,URB,"R DEL ESCORT, FIESTA, SIERRA",7500,4,CENTRO DE RODAMIENTO,2026-05-25
272,Rodamientos,KIT-1149,CRD,R DEL F 100 68/73,22000,2,CENTRO DE RODAMIENTO,2026-05-25
273,Rodamientos,KIT-1229,CRD,R DEL  F 100 73/92,23000,1,CENTRO DE RODAMIENTO,2026-05-25
274,Rodamientos,KIT32007,CRD,R TRAS,16000,2,PRECIO SUJERIDO TIO,2026-05-25
275,Rodamientos,KIT4544,CRD,"R DEL, AGILE, CLASSIC, CORSA, SPRIT",10000,5,CENTRO DE RODAMIENTO,2026-05-25
276,Rodamientos,SET-10,CRD,"KIT RUED TRASERA F100, F150, RANGER NUEVA",14000,2,CENTRO DE RODAMIENTO,2026-06-01
277,Rodamientos,SET-9,CRD,"R TRASERA FORD FALCON, RANGER",11500,1,CENTRO DE RODAMIENTO,2026-06-01
278,Rodamientos,SET80,CRD,"R TRAS F 100, FORD RANGER",14000,1,CENTRO DE RODAMIENTO,2026-05-25
279,Rodamientos,TGB10872,CRD,"R DEL R18, R21, SPORT",30500,1,CENTRO DE RODAMIENTO,2026-05-25
280,Rodamientos,VKBA 3577,SKF,"R DEL ABS CRONOS, ARGO, GRAN SIENA, FIORIONO",35000,1,,2026-06-01
281,Rodamientos,VKBA 6682,CRD,"RUED DEL OROCH, FLUENCE CON ABS",27000,1,,2026-07-06
282,Rodamientos,VKBA-6502,CRD,"RUEDA DEL PALIO, SIENA, STRADA, WEKEN, 14¨CON ABS",22000,1,,2026-07-06
283,Rodamientos,VKBA-6720=F-563644,CRD,"R DEL C/ ABS AGILE, CLASSIC, PRISMA",22000,1,CENTRO DE RODAMIENTO,2026-05-25
284,Rodamientos,VKBA-6767=BAF-0175,CRD,"MAZA RUEDA TRAS, FOX, CROS, SURAN, GOL, TREND",45000,2,,2026-06-11
285,Rodamientos,VKBA3577,SKF,"R TRAS CRONOS, MOBI, GRAN SIENA, NOVO",50000,2,CENTRO DE RODAMIENTO,2026-06-11
286,Rodamientos,VKBA4544,SKF,"R DEL, AGILE, CLASSIC, CORSA, SPRIT",23000,1,CENTRO DE RODAMIENTO,2026-05-25
287,Rodamientos,VKBA4549A,SKF,"R TRASERA GOL, TREND, SENDA, SAVEIRO",25000,2,PRECIO SUJERIDO TIO,2026-05-25
288,Rodamientos,VKBA4549A,CRD,"R TRASERA GOL, TREND, SENDA, SAVEIRO",10000,1,PRECIO SUJERIDO TIO,2026-05-25
289,Filtros,19347709,ACDELCO,"VW GOL 1.0 1.6, AUDI, GOL TREND, FOX",3000,1,MERCADO LIBRE,2026-06-01
290,Filtros,19347724,ACEDELCO,"GOL, SAVEIRO, FOX, SURAN 1.6",2500,1,GRUPO AUTOPARTES,2026-05-29
291,Filtros,19347742,ACDELCO,CHEV AGILE 1.4,2500,3,GRUPO AUTOPARTES,2026-05-29
292,Filtros,19347797,ACDELCO,,3000,2,MERCADO LIBRE,2026-06-01
293,Filtros,19347807,ACDELCO,FORD COSPORT,2500,1,GRUPO AUTOPARTES,2026-05-29
294,Filtros,5Z0129620-E,EXPOYER,VW GOL TREND 1.4 1.6,3000,1,GRUPO AUTOPARTES,2026-05-29
295,Filtros,C1858/2,MANN,"RENAULT CLIO II, KANGOO 1.6 K4M",4000,1,GRUPO AUTOPARTES,2026-05-29
296,Filtros,C23 121/2,MANN,FORD RANGER,9000,1,GRUPO AUTOPARTES,2026-05-29
297,Filtros,C23107,MANN,TOYOTA HILUX 2.4 2.8,8000,1,GRUPO AUTOPARTES,2026-05-29
298,Filtros,FAP1002,WEGA,HONDA,3500,4,GRUPO AUTOPARTES,2026-05-29
299,Filtros,FAP2269,WEGA,"CHEV- SONIC 1.6, SPIN 1.8, COBALT 1.4",3200,3,GRUPO AUTOPARTES,2026-05-29
300,Filtros,FAP2827,WEGA,"CHEV CORSA 1.4, CORSA 1.6",2500,1,GRUPO AUTOPARTES,2026-05-29
301,Filtros,FAP2831,WEGA,"FIAT PALIO FIRE 8V 1.4, 1.6 16V",5000,2,GRUPO AUTOPARTES,2026-07-01
302,Filtros,FAP3269,WEGA,CHEV PRISMA,5000,2,GRUPO AUTOPARTES,2026-07-01
303,Filtros,FAP3280,WEGA,"CHEV MERIVA, CORSA 1.7 MONTANA 1.7",8000,1,GRUPO AUTOPARTES,2026-05-29
304,Filtros,FAP3602,WEGA,VW GOL TREND 1.4 1.6,5000,2,GRUPO AUTOPARTES,2026-06-19
305,Filtros,FAP3602,WEGA,VW GOL POWER 1.6 8V,5000,2,GRUPO AUTOPARTES,2026-07-01
306,Filtros,FAP4033,WEGA,"FIAT DUNA, UNO, IDEA 1.6 TIPO",4000,3,GRUPO AUTOPARTES,2026-05-29
307,Filtros,FAP4034,WEGA,"VW AUDI GOL, PAINTER 1.6, FOR ESCORT1.6",7000,1,GRUPO AUTOPARTES,2026-05-29
308,Filtros,FAP4035,WEGA,FIAT TIPO 1.6 8V 16V,12000,2,GRUPO AUTOPARTES,2026-07-01
309,Filtros,FAP4054/2,WEGA,"PEUGEOT 307 1.6, C4 1.6",6500,1,GRUPO AUTOPARTES,2026-05-29
310,Filtros,FAP4872/1,WEGA,RENAULT CLIO II 1.2,5000,5,GRUPO AUTOPARTES,2026-05-29
311,Filtros,FAP4873,WEGA,"CITROEN BERLINGO 1.6, C3 1.6",3000,1,GRUPO AUTOPARTES,2026-05-29
312,Filtros,FAP4878/1,WEGA,"RENAULT LOGAN, SANDERO 1.6",5500,4,GRUPO AUTOPARTES,2026-06-11
313,Filtros,FAP7007,WEGA,"VW GOL 1.6 AUDI, VOYAGE 1.6, TREND 1.6",4000,5,GRUPO AUTOPARTES,2026-05-29
314,Filtros,FAP7007,WEGA,VW TREND 1.6,5000,2,GRUPO AUTOPARTES,2026-07-01
315,Filtros,FAP9002,WEGA,FORD RANGER,11500,2,GRUPO AUTOPARTES,2026-05-29
316,Filtros,FAP9003,WEGA,FORD RANGER 2.5,11500,4,GRUPO AUTOPARTES,2026-05-29
317,Filtros,FAP9015,WEGA,FIAT PUNTO 1.8,14500,1,GRUPO AUTOPARTES,2026-05-29
318,Filtros,FAP9121,WEGA,FIAT PALIO 1.6 16V ETORQ,8000,2,GRUPO AUTOPARTES,2026-07-01
319,Filtros,FAP9121,MOPAR,FIAT PALIO 1.6 ETORQ,5000,1,GRUPO AUTOPARTES,2026-05-29
320,Filtros,FAP9273,WEGA,"RENAULT CLIO II, KANGOO 1.6 K4M",3500,1,GRUPO AUTOPARTES,2026-05-29
321,Filtros,FAP9299,WEGA,"RENAULT SANDERO, DUSTER OROCH 2.0",9000,1,GRUPO AUTOPARTES,2026-05-29
322,Filtros,FCD0754,WEGA,RANAULT KANGOO,9000,1,GRUPO AUTOPARTES,2026-06-01
323,Filtros,FCD2061,WEGA,FORD RANGER  3.0,18000,1,GRUPO AUTOPARTES,2026-06-01
324,Filtros,FCD2068,WEGA,VW GOLF 1.9,18000,1,GRUPO AUTOPARTES,2026-06-01
325,Filtros,FCI1105,WEGA,"CHEV CORSA 1.2 1.4 1.6, MONTANA",7500,1,GRUPO AUTOPARTES,2026-06-01
326,Filtros,FCI1600,WEGA,FIAT PALIO SIENA UNO 1.3 1.5 1.0,4000,1,GRUPO AUTOPARTES,2026-06-01
327,Filtros,FCI1610,WEGA,FIAT PALIO SIENA UNO 1.3 1.5 1.0,9000,3,GRUPO AUTOPARTES,2026-06-01
328,Filtros,FCI1620,WEGA,"VW GOL 1.0 1.6, AUDI, GOL TREND, FOX",3500,2,GRUPO AUTOPARTES,2026-06-01
329,Filtros,FCI1630,WEGA,"PEUGEOT 307, 407, 206. 306",3000,2,GRUPO AUTOPARTES,2026-06-01
330,Filtros,FCI1660,WEGA,"SUSUKI FUN, CHEV CORSA 1.4 1.6 1.0",3200,2,GRUPO AUTOPARTES,2026-06-01
331,Filtros,GB0018,BOSH,CHEV CORSA ASTRA  KANGOO LONGA,5000,4,MERCADO LIBRE,2026-06-01
332,Filtros,JFA0282,WEGA,TOYOTA HILUX 2.4 2.8,11000,1,GRUPO AUTOPARTES,2026-05-29
333,Filtros,JFA602,WEGA,CHEV AVEO 2008,18000,1,GRUPO AUTOPARTES,2026-05-29
334,Filtros,JFC207/3,WEGA,TOYOTA HILUX 2.4 2.8,13000,1,GRUPO AUTOPARTES,2026-06-01
335,Filtros,JFC383,WEGA,CHEV AVEO 1.6,9500,1,GRUPO AUTOPARTES,2026-06-01
336,Filtros,JFO0211,WEGA,TOYOTA HILUX 3.0,5500,1,GRUPO AUTOPARTES,2026-05-29
337,Filtros,JFO0410,WEGA,"HONDA CIVIC 1.7, 1.5",6000,1,GRUPO AUTOPARTES,2026-05-29
338,Filtros,OB3332,BOSCH,CLIO DUSTER KANGOO SENDERO,3000,3,GRUPO AUTOPARTES,2026-05-29
339,Filtros,OC 333,MAHLE,GOL POWER 1.6,3000,1,MERCADO LIBRE,2026-05-29
340,Filtros,OC 59,MAHLE,VW GOL 2.0 1.9,4000,1,MERCADO LIBRE,2026-05-29
341,Filtros,OC 90,MAHLE,CORSA AGILE 1.4 1.6,3000,5,MERCADO LIBRE,2026-05-29
342,Filtros,PU835X,MANN,TOYOTA HILUX 2.5 16V,10000,3,GRUPO AUTOPARTES,2026-06-01
343,Filtros,PU922X,MANN,CITROEN,10000,1,GRUPO AUTOPARTES,2026-06-01
344,Filtros,W1323,MANN,CHEV S10,10000,1,GRUPO AUTOPARTES,2026-05-29
345,Filtros,W610/3,MANN,"CORSA 1.7,  FIAT IDEA 1.4 FIRE, PALIO 1.4",3000,2,GRUPO AUTOPARTES,2026-05-29
346,Filtros,W711/80,MANN,TOYOTA HILUX 3.0,6000,2,GRUPO AUTOPARTES,2026-05-29
347,Filtros,W712/22,MANN,VW GOL 2.0 1.9,5000,3,GRUPO AUTOPARTES,2026-05-29
348,Filtros,W712/8,MANN,"PEUGEOT 307 1.6, 206 1.4, BERLINGO 1.4",9000,1,GRUPO AUTOPARTES,2026-05-29
349,Filtros,W713/4,MANN,"FIAT UNO 1.1, R 12, R11, TARAFIC",8000,1,GRUPO AUTOPARTES,2026-05-29
350,Filtros,W719/5,MANN,GOL 1.6,4000,1,GRUPO AUTOPARTES,2026-05-29
351,Filtros,W920/32,MANN,FOCUS,5000,1,GRUPO AUTOPARTES,2026-05-29
352,Filtros,W940,MANN,VW GOL 2.0 1.9,6000,1,GRUPO AUTOPARTES,2026-05-29
353,Filtros,WK1162,MANN,IVECO CAMION,16000,1,GRUPO AUTOPARTES,2026-06-01
354,Filtros,WK58/3,MANN,"PEUGEOT 307, 407, 206. 306 CLIO II K4M",4000,1,GRUPO AUTOPARTES,2026-06-01
355,Filtros,WK612/7,MANN,FOR ECOSPORT 2.0 FIESTA 1.6,5500,1,GRUPO AUTOPARTES,2026-06-01
356,Filtros,WK613/3,MANN,"VW GOL 1.0 1.6, AUDI, GOL TREND, FOX",4000,2,GRUPO AUTOPARTES,2026-06-01
357,Filtros,WK8034,WIX,"PEUGEOT 307, 407, 206. 306",3000,1,GRUPO AUTOPARTES,2026-06-01
358,Filtros,WK940/35,MANN,CHEV S10,18000,1,GRUPO AUTOPARTES,2026-06-01
359,Filtros,WO120,WEGA,"CORSA 1.7,  FIAT IDEA 1.4 FIRE, PALIO 1.4",3000,1,GRUPO AUTOPARTES,2026-05-29
360,Filtros,WO121,WEGA,"FIAT STRADA 1.0, UNO 1.3 ARGO 1.8 ETORQ",4000,3,GRUPO AUTOPARTES,2026-05-29
361,Filtros,WO130,WEGA,"SUZUKI FUN 1.4, CHEV S10 2.2",2500,4,GRUPO AUTOPARTES,2026-05-29
362,Filtros,WO200,WEGA,RENAULT MEGANE KANGOO SENIC 2.0,2500,1,GRUPO AUTOPARTES,2026-05-29
363,Filtros,WO205,WEGA,"RENAULT CLIO, KANGO 1.2, TWINGO 1.2",4000,8,GRUPO AUTOPARTES,2026-05-29
364,Filtros,WO280,WEGA,"FORD F100, CHEV AVEO 1.6",11500,1,GRUPO AUTOPARTES,2026-05-29
365,Filtros,WO340,WEGA,"VW FOX 1.6 AUDI, CHEV AVEO 1.6",3000,7,GRUPO AUTOPARTES,2026-05-29
366,Filtros,WO370,WEGA,VW GOL 2.0 1.9,4500,6,GRUPO AUTOPARTES,2026-05-29
367,Filtros,WO390,WEGA,FIAT TIPO 1.6 8V 16 V,5000,2,GRUPO AUTOPARTES,2026-07-01
368,Filtros,WO430,WEGA,"FIAT UNO 1.1, R 12, R11, TARAFIC",7500,9,GRUPO AUTOPARTES,2026-05-29
369,Filtros,WO460,WEGA,FIAT UNO FIRE 1.3,12000,1,GRUPO AUTOPARTES,2026-07-01
370,Filtros,WOE130,WEGA,FORD RANGER 3.0,8500,1,GRUPO AUTOPARTES,2026-05-29
371,Filtros,WOE640,WEGA,VW PASSAT 2.0 AUDI,7500,1,GRUPO AUTOPARTES,2026-05-29
372,Filtros,WOE700,WEGA,"PEUGEOT 307 1.6, 206 1.4, BERLINGO 1.4",8500,11,GRUPO AUTOPARTES,2026-05-29
373,Filtros,WOE710,WEGA,"PEUGEOT 207, 206, 307, C4",2500,8,GRUPO AUTOPARTES,2026-05-29
374,Filtros,WOE912,WEGA,FIAT PUNTO IDEA STRADA 1.6 ETORQ,8500,5,GRUPO AUTOPARTES,2026-05-29
375,Filtros,WR198,WEGA,FORD RANGER 3.0,17000,1,GRUPO AUTOPARTES,2026-05-29
376,Filtros,WR201,WEGA,"VW GALAXY 1.6 1.8, GOL 1.0, GOL 1.6 AUDI",8500,1,GRUPO AUTOPARTES,2026-05-29
377,Filtros,WR201,WEGA,TRACTOR,11000,2,GRUPO AUTOPARTES,2026-05-29
378,Filtros,WR245,WEGA,RENAULT LOGAN 1.6 K4M,7500,2,GRUPO AUTOPARTES,2026-05-29
379,Filtros,WR275,WEGA,RENAULT 19,12000,2,GRUPO AUTOPARTES,2026-07-01
380,Tren Delantero,1016,MC,CORSA - COMBO,22000,2,GRUPO AUTOPARTES,2026-06-18
381,Tren Delantero,1026,MC,AZTRA - VECTRA - ZAFIRA,19000,1,GRUPO AUTOPARTES,2026-06-18
382,Tren Delantero,1027,MC,CORSA II,19000,2,GRUPO AUTOPARTES,2026-06-18
383,Tren Delantero,1028,MC,MERIVA,19000,4,GRUPO AUTOPARTES,2026-06-18
384,Tren Delantero,1029,MC,"CLASSIC, CELTA, FUN",22000,2,GRUPO AUTOPARTES,2026-06-18
385,Tren Delantero,1031,MC,AGILE,27000,4,GRUPO AUTOPARTES,2026-06-18
386,Tren Delantero,1109,MC,UNO - DUNA,17000,1,GRUPO AUTOPARTES,2026-06-18
387,Tren Delantero,1110,MC,UNO - DUNA 93,34000,4,,2026-06-30
388,Tren Delantero,1121,MC,PALIO - SIENA,19000,2,GRUPO AUTOPARTES,2026-06-18
389,Tren Delantero,1127,MC,IDEA,22000,5,GRUPO AUTOPARTES,2026-06-18
390,Tren Delantero,1128,MC,IDEA,22000,2,GRUPO AUTOPARTES,2026-06-18
391,Tren Delantero,1217,VTH,FIESTA 2002,15000,1,GRUPO AUTOPARTES,2026-06-30
392,Tren Delantero,1233,MC,ECOSPORT 03,22000,2,GRUPO AUTOPARTES,2026-06-18
393,Tren Delantero,1235,MC,FIESTA KINETIC 09,17000,1,,2026-06-18
394,Tren Delantero,1395,MC,12 - DACIA,16000,2,GRUPO AUTOPARTES,2026-06-18
395,Tren Delantero,1399,MC,2011-09-05 00:00:00,18000,1,GRUPO AUTOPARTES,2026-06-18
396,Tren Delantero,1459,MC,SENDA,19000,2,GRUPO AUTOPARTES,2026-06-23
397,Tren Delantero,1460,MC,SENDA,19000,1,GRUPO AUTOPARTES,2026-06-18
398,Tren Delantero,1468,MC,GOL97,19000,2,GRUPO AUTOPARTES,2026-06-18
399,Tren Delantero,1469,MC,GOL 97 DP,19000,2,,2026-06-23
400,Tren Delantero,1470,MC,GOL 97 DP,19000,2,,2026-06-23
401,Tren Delantero,1479,MC,CROSS FOX,23000,1,GRUPO AUTOPARTES,2026-06-18
402,Tren Delantero,1481,MC,GOL TREND,24000,2,GRUPO AUTOPARTES,2026-06-18
403,Tren Delantero,1482,MC,GOL TREND,24000,3,GRUPO AUTOPARTES,2026-06-18
404,Tren Delantero,2005,MC,CHEVY,18000,1,GRUPO AUTOPARTES,2026-06-23
405,Tren Delantero,2009,MC,MERIVA,20000,3,GRUPO AUTOPARTES,2026-06-23
406,Tren Delantero,2023,MC,CORSA 2002,20000,2,GRUPO AUTOPARTES,2026-06-23
407,Tren Delantero,2029,MC,CORSA - COMBO,18000,2,GRUPO AUTOPARTES,2026-06-23
408,Tren Delantero,2034,MC,AVEO,27000,2,GRUPO AUTOPARTES,2026-06-23
409,Tren Delantero,2128,MC,FIORINO 93,18000,2,GRUPO AUTOPARTES,2026-06-23
410,Tren Delantero,2130,MC,"UNO, DUNA 93",19000,2,GRUPO AUTOPARTES,2026-06-23
411,Tren Delantero,2138,MC,"LINEA, QUBO",18000,2,GRUPO AUTOPARTES,2026-06-23
412,Tren Delantero,2138,APEX,"LOGAN, SANDERO 07",15000,1,,2026-06-30
413,Tren Delantero,2204,MC,FALCON 67/70,17000,2,GRUPO AUTOPARTES,2026-06-23
414,Tren Delantero,2205,MC,FALCON 67/70,17000,2,GRUPO AUTOPARTES,2026-06-23
415,Tren Delantero,2206,MC,FALCON 77,17000,2,GRUPO AUTOPARTES,2026-06-23
416,Tren Delantero,2211,MC,FALCON 83,18000,2,GRUPO AUTOPARTES,2026-06-23
417,Tren Delantero,2216,MC,F 100 10/85-92 66-85,20000,1,GRUPO AUTOPARTES,2026-06-23
418,Tren Delantero,2228,APEX,"FOX 03/06, SURAN 06, GOL",14000,4,,2026-06-30
419,Tren Delantero,2229,APEX,"GOL, VOYAGE, CROSS FOX, GOL TREND",14000,2,,2026-06-30
420,Tren Delantero,2248,MC,ESCORT 96,18000,2,GRUPO AUTOPARTES,2026-06-23
421,Tren Delantero,2259,MC,ECOSPORT,20000,1,GRUPO AUTOPARTES,2026-06-23
422,Tren Delantero,2260,MC,ECOSPORT,20000,1,GRUPO AUTOPARTES,2026-06-23
423,Tren Delantero,2265,MC,FIESTA KINETIC,22000,1,GRUPO AUTOPARTES,2026-06-23
424,Tren Delantero,2266,MC,FIESTA KINETIC,22000,3,GRUPO AUTOPARTES,2026-06-23
425,Tren Delantero,2291,APEX,INDALMEG,18000,2,,2026-06-30
426,Tren Delantero,2330,APEX,"LOGAN, SANDERO 14",16000,1,,2026-06-30
427,Tren Delantero,2347,APEX,PALIO 05. IDEA,14000,2,,2026-06-30
428,Tren Delantero,2355,APEX,"PALIO, SIENA, STRADA 2010",16000,2,,2026-06-30
429,Tren Delantero,2397,MC,12,20000,1,,2026-06-23
430,Tren Delantero,2398,MC,12,20000,1,,2026-06-23
431,Tren Delantero,2399,MC,"5, 9, 11, 18",14000,2,GRUPO AUTOPARTES,2026-06-23
432,Tren Delantero,2410,MC,CLIO,19000,2,GRUPO AUTOPARTES,2026-06-23
433,Tren Delantero,2416,MC,KANGOO,20000,1,GRUPO AUTOPARTES,2026-06-23
434,Tren Delantero,2417,MC,KANGOO,20000,2,GRUPO AUTOPARTES,2026-06-23
435,Tren Delantero,2422,MC,LOGAN,27000,2,GRUPO AUTOPARTES,2026-06-23
436,Tren Delantero,2423,MC,LOGAN,27000,2,GRUPO AUTOPARTES,2026-06-23
437,Tren Delantero,2452,MC,"GOL, SENDA, GACEL",14000,4,MERCADO LIBRE,2026-06-23
438,Tren Delantero,2462,MC,BORA,20000,1,MERCADO LIBRE,2026-06-23
439,Tren Delantero,2465,MC,GOL HEMBRA,20000,5,,2026-06-23
440,Tren Delantero,2470,MC,"FOX, GOL TREND",20000,1,GRUPO AUTOPARTES,2026-06-23
441,Tren Delantero,2471,MC,"FOX, GOL TREND",20000,1,GRUPO AUTOPARTES,2026-06-23
442,Tren Delantero,2606,APEX,CORSA WIND,14000,2,MERCADO LIBRE,2026-06-30
443,Tren Delantero,2624,APEX,"CORSA EVOLUTION, MONTANA, 04-07, MERIVA",16000,2,MERCADO LIBRE,2026-06-30
444,Tren Delantero,40016,TIPER,PARTNER,16000,2,,2026-06-30
445,Tren Delantero,40026,TIPER,307,16000,1,,2026-06-30
446,Tren Delantero,4053,MC,SENDA GOL 86-93,32000,1,,2026-06-30
447,Tren Delantero,41061,TIPER,"FOX, GOL TREND",15000,3,GRUPO AUTOPARTES,2026-06-30
448,Tren Delantero,41064,TIPER,SENDA - GOL 97,18000,0,GRUPO AUTOPARTES,2026-06-18
449,Tren Delantero,41065,TIPER,SENDA - GOL 97,18000,1,GRUPO AUTOPARTES,2026-06-18
450,Tren Delantero,4201,MC,FALCON 67-70,38000,1,,2026-06-30
451,Tren Delantero,42046,TIPER,PALIO - SIENA 03,17000,2,GRUPO AUTOPARTES,2026-06-18
452,Tren Delantero,42058,TIPER,IDEA AVENTURE 08,16000,1,GRUPO AUTOPARTES,2026-06-30
453,Tren Delantero,42061,TIPER,"PALIO, LINEA",16000,1,GRUPO AUTOPARTES,2026-06-23
454,Tren Delantero,42069,TIPER,IDEA AVENTURE 07,22000,5,GRUPO AUTOPARTES,2026-06-18
455,Tren Delantero,42070,TIPER,IDEA AVENTURE 07,22000,2,GRUPO AUTOPARTES,2026-06-18
456,Tren Delantero,43028,TIPER,EXPLORE,16000,2,,2026-06-30
457,Tren Delantero,43057,TIPER,"ECOSPORT, FIESTA, FIESTA MAX",16000,1,GRUPO AUTOPARTES,2026-06-30
458,Tren Delantero,43090,TIPER,FIESTA KINETIC 09,17000,2,GRUPO AUTOPARTES,2026-06-18
459,Tren Delantero,44008,TIPER,19,14000,1,,2026-06-30
460,Tren Delantero,44041,TIPER,"LOGAN, DUSTER, SANDERO",14000,1,,2026-06-30
461,Tren Delantero,44042,TIPER,TREND,14000,1,,2026-06-30
462,Tren Delantero,44097,TIPER,DUSTER,26000,1,GRUPO AUTOPARTES,2026-06-18
463,Tren Delantero,44141,TIPER,DUSTER,16000,2,,2026-06-30
464,Tren Delantero,46009,TIPER,"ASTRA, ZAFIRA, VECTRA",14000,2,GRUPO AUTOPARTES,2026-06-30
465,Tren Delantero,46017,TIPER,CORSA,14000,1,MERCADO LIBRE,2026-06-30
466,Tren Delantero,46020,TIPER,"CORSA II, AGILE 09, MERIVA",16000,1,GRUPO AUTOPARTES,2026-06-23
467,Tren Delantero,46046,TIPER,AVEO 07,20000,1,GRUPO AUTOPARTES,2026-06-23
468,Tren Delantero,46084,TIPER,S10  13,18000,1,GRUPO AUTOPARTES,2026-06-30
469,Tren Delantero,6040,GAMBINA,"CORSA II, MERIVA",15000,1,,2026-06-30
470,Tren Delantero,700025,LEO,"PUNTO, LINEA,QUBO, CRONOS",15000,1,GRUPO AUTOPARTES,2026-06-30
471,Tren Delantero,700040,LEO,"FOX, GOL TREND",15000,6,GRUPO AUTOPARTES,2026-06-30
472,Tren Delantero,700064,LEO,"CORSA II, MERIVA 03",15000,3,GRUPO AUTOPARTES,2026-06-30
473,Tren Delantero,700066,LEO,IDEA 2004 - PALIO WEEKEN,15000,3,GRUPO AUTOPARTES,2026-06-30
474,Tren Delantero,700067,LEO,IDEA 2004 - PALIO WEEKEN,15000,2,GRUPO AUTOPARTES,2026-06-30
475,Tren Delantero,700087,LEO,"UNO, NOVO, MOBI, PALIO, GRAN SIENA",15000,2,GRUPO AUTOPARTES,2026-06-30
476,Tren Delantero,700171,LEO,"TORO, 500, JEEP",15000,2,GRUPO AUTOPARTES,2026-06-30
477,Tren Delantero,B56167,THOMPSON,AGILE,16000,1,GRUPO AUTOPARTES,2026-06-30
478,Tren Delantero,BE2491,THOMSON,F100,110000,1,,2026-06-23
479,Tren Delantero,N1032,NAKATA,GACEL,26000,1,GRUPO AUTOPARTES,2026-06-23
480,Tren Delantero,N99200,NAKATA,DUSTER,29000,1,GRUPO AUTOPARTES,2026-06-23
481,Tren Delantero,N99201,NAKATA,DUSTER,29000,1,GRUPO AUTOPARTES,2026-06-23
482,Tren Delantero,NP4804,NAKATA,DUSTER,18000,2,GRUPO AUTOPARTES,2026-06-30
483,Tren Delantero,PS548000,MONROE,GOL,38000,2,,2026-06-30
